"Time","Event",""
"00:00.045","Lemme At'em prepares  Holy Spirit  on Erichthonios *7730*",""
"00:00.801","Lemme At'em Holy Spirit Erichthonios *7730*",""
"00:01.958","Lemme At'em prepares  Fast Blade  on Erichthonios *5364*",""
"00:02.137","Lemme At'em prepares  attack  on Erichthonios 1231",""
"00:02.583","Lemme At'em Fast Blade Erichthonios *5364*",""
"00:02.672","Lemme At'em attack Erichthonios 1231",""
"00:04.408","Lemme At'em prepares  Riot Blade  on Erichthonios *10035* (+43%)+25% damage",""
"00:04.408","Lemme At'em prepares  attack  on Erichthonios 1527+25% damage",""
"00:04.942","Lemme At'em attack Erichthonios 1527",""
"00:05.076","Lemme At'em prepares  Circle of Scorn  on Erichthonios 2191+25% damage",""
"00:05.165","Lemme At'em Riot Blade Erichthonios *10035* (+43%)",""
"00:06.102","Lemme At'em Circle of Scorn Erichthonios 2191",""
"00:06.678","Lemme At'em prepares  attack  on Erichthonios 1846 (Direct Hit)+25% damage",""
"00:06.856","Lemme At'em prepares  Goring Blade  on Erichthonios 5245 (+60%)+25% damage",""
"00:07.213","Lemme At'em attack Erichthonios 1846 (Direct Hit)",""
"00:07.213","Lemme At'em Circle of Scorn Erichthonios Tick  725 (T: 661, C: 24.2%, D: 19.2%, P/R: 18.36, G: 688.34, M: 1.25, S: 791)+25% damage",""
"00:07.391","Lemme At'em Goring Blade Erichthonios 5245 (+60%)",""
"00:08.950","Lemme At'em prepares  attack  on Erichthonios 1716+45% damage",""
"00:09.261","Lemme At'em prepares  Fast Blade  on Erichthonios 6486 (Direct Hit)+53% damage",""
"00:09.482","Lemme At'em attack Erichthonios 1716",""
"00:09.883","Lemme At'em Fast Blade Erichthonios 6486 (Direct Hit)",""
"00:09.927","Lemme At'em prepares  Expiacion  on Erichthonios 8923+53% damage",""
"00:10.195","Lemme At'em Circle of Scorn Erichthonios Tick  840 (T: 661, C: 24.2%, D: 19.2%, P/R: 18.36, G: 688.34, M: 1.25, S: 791)+25% damage",""
"00:10.195","Lemme At'em Goring Blade Erichthonios Tick  1827 (T: 1438, C: 24.2%, D: 19.2%, P/R: 18.36, G: 1491.41, M: 1.25, S: 1722)+25% damage",""
"00:10.283","Lemme At'em Expiacion Erichthonios 8923",""
"00:10.551","Lemme At'em prepares  Intervene  on Erichthonios *6245*+53% damage",""
"00:11.130","Lemme At'em Intervene Erichthonios *6245*",""
"00:11.218","Lemme At'em prepares  attack  on Erichthonios 2215 (Direct Hit)+53% damage",""
"00:11.664","Lemme At'em prepares  Riot Blade  on Erichthonios 8104 (+43%)+53% damage",""
"00:11.753","Lemme At'em attack Erichthonios 2215 (Direct Hit)",""
"00:12.289","Lemme At'em prepares  Requiescat  on Erichthonios 9023+23% damage",""
"00:12.423","Lemme At'em Riot Blade Erichthonios 8104 (+43%)",""
"00:12.914","Lemme At'em Requiescat Erichthonios 9023",""
"00:13.182","Lemme At'em Circle of Scorn Erichthonios Tick  786 (T: 661, C: 24.2%, D: 19.2%, P/R: 18.36, G: 688.34, M: 1.25, S: 791)+25% damage",""
"00:13.182","Lemme At'em Goring Blade Erichthonios Tick  1708 (T: 1438, C: 24.2%, D: 19.2%, P/R: 18.36, G: 1491.41, M: 1.25, S: 1722)+25% damage",""
"00:13.493","Lemme At'em prepares  attack  on Erichthonios 1772+53% damage",""
"00:14.029","Lemme At'em attack Erichthonios 1772",""
"00:14.072","Lemme At'em prepares  Royal Authority  on Erichthonios 11881 (+69%)+53% damage",""
"00:14.651","Lemme At'em Royal Authority Erichthonios 11881 (+69%)",""
"00:14.740","Lemme At'em prepares  Intervene  on Erichthonios *6153*+53% damage",""
"00:15.320","Lemme At'em Intervene Erichthonios *6153*",""
"00:15.766","Lemme At'em prepares  attack  on Erichthonios *3752* (Direct Hit)+53% damage",""
"00:16.211","Lemme At'em Circle of Scorn Erichthonios Tick  782 (T: 661, C: 24.2%, D: 19.2%, P/R: 18.36, G: 688.34, M: 1.25, S: 791)+25% damage",""
"00:16.211","Lemme At'em Goring Blade Erichthonios Tick  1701 (T: 1438, C: 24.2%, D: 19.2%, P/R: 18.36, G: 1491.41, M: 1.25, S: 1722)+25% damage",""
"00:16.298","Lemme At'em attack Erichthonios *3752* (Direct Hit)",""
"00:16.565","Lemme At'em prepares  Atonement  on Erichthonios 11349+53% damage",""
"00:17.855","Lemme At'em Atonement Erichthonios 11349",""
"00:18.034","Lemme At'em prepares  attack  on Erichthonios 1919+53% damage",""
"00:18.569","Lemme At'em attack Erichthonios 1919",""
"00:18.970","Lemme At'em prepares  Atonement  on Erichthonios 11569+53% damage",""
"00:19.193","Lemme At'em Circle of Scorn Erichthonios Tick  752 (T: 661, C: 24.2%, D: 19.2%, P/R: 18.36, G: 688.34, M: 1.25, S: 791)+25% damage",""
"00:19.193","Lemme At'em Goring Blade Erichthonios Tick  1635 (T: 1438, C: 24.2%, D: 19.2%, P/R: 18.36, G: 1491.41, M: 1.25, S: 1722)+25% damage",""
"00:20.261","Lemme At'em Atonement Erichthonios 11569",""
"00:20.305","Lemme At'em prepares  attack  on Erichthonios 2338 (Direct Hit)+53% damage",""
"00:20.841","Lemme At'em attack Erichthonios 2338 (Direct Hit)",""
"00:21.376","Lemme At'em prepares  Atonement  on Erichthonios 11653+53% damage",""
"00:22.178","Lemme At'em Goring Blade Erichthonios Tick  1471 (T: 1438, C: 24.2%, D: 19.2%, P/R: 18.36, G: 1491.41, M: 1.25, S: 1722)+25% damage",""
"00:22.579","Lemme At'em prepares  attack  on Erichthonios *2823*+46% damage",""
"00:22.668","Lemme At'em Atonement Erichthonios 11653",""
"00:23.113","Lemme At'em attack Erichthonios *2823*",""
"00:23.783","Lemme At'em prepares  Fast Blade  on Erichthonios *8536*+46% damage",""
"00:24.405","Lemme At'em Fast Blade Erichthonios *8536*",""
"00:24.850","Lemme At'em prepares  attack  on Erichthonios *2626*+38% damage",""
"00:25.206","Lemme At'em Goring Blade Erichthonios Tick  1771 (T: 1438, C: 24.2%, D: 19.2%, P/R: 18.36, G: 1491.41, M: 1.25, S: 1722)+25% damage",""
"00:25.383","Lemme At'em attack Erichthonios *2626*",""
"00:26.273","Lemme At'em prepares  Riot Blade  on Erichthonios 7315 (+43%)+38% damage",""
"00:27.029","Lemme At'em Riot Blade Erichthonios 7315 (+43%)",""
"00:27.118","Lemme At'em prepares  attack  on Erichthonios 1748+38% damage",""
"00:27.654","Lemme At'em attack Erichthonios 1748",""
"00:28.189","Lemme At'em Goring Blade Erichthonios Tick  1539 (T: 1438, C: 24.2%, D: 19.2%, P/R: 18.36, G: 1491.41, M: 1.25, S: 1722)+25% damage",""
"00:28.678","Lemme At'em prepares  Goring Blade  on Erichthonios 6306 (+60%)+38% damage",""
"00:29.212","Lemme At'em Goring Blade Erichthonios 6306 (+60%)",""
"00:29.391","Lemme At'em prepares  attack  on Erichthonios 1242+5% damage",""
"00:29.925","Lemme At'em attack Erichthonios 1242",""
"00:31.086","Lemme At'em prepares  Holy Spirit  on Erichthonios 9785+5% damage",""
"00:31.175","Lemme At'em Goring Blade Erichthonios Tick  1818 (T: 1625, C: 24.2%, D: 19.2%, P/R: 18.36, G: 1646.51, M: 1.38, S: 1947)+38% damage",""
"00:31.664","Lemme At'em prepares  attack  on Erichthonios 1284+5% damage",""
"00:31.843","Lemme At'em Holy Spirit Erichthonios 9785",""
"00:32.200","Lemme At'em attack Erichthonios 1284",""
"00:33.584","Lemme At'em prepares  Holy Spirit  on Erichthonios 10484+5% damage",""
"00:33.938","Lemme At'em prepares  attack  on Erichthonios *2129*+5% damage",""
"00:34.206","Lemme At'em Goring Blade Erichthonios Tick  2089 (T: 1625, C: 24.2%, D: 19.2%, P/R: 18.36, G: 1646.51, M: 1.38, S: 1947)+38% damage",""
"00:34.339","Lemme At'em Holy Spirit Erichthonios 10484",""
"00:34.474","Lemme At'em attack Erichthonios *2129*",""
"00:35.055","Lemme At'em prepares  Circle of Scorn  on Erichthonios 1845+5% damage",""
"00:36.078","Lemme At'em Circle of Scorn Erichthonios 1845",""
"00:36.078","Lemme At'em prepares  Holy Spirit  on Erichthonios *15592*+5% damage",""
"00:36.212","Lemme At'em prepares  attack  on Erichthonios 1281+5% damage",""
"00:36.747","Lemme At'em attack Erichthonios 1281",""
"00:36.836","Lemme At'em Holy Spirit Erichthonios *15592*",""
"00:37.194","Lemme At'em Goring Blade Erichthonios Tick  1664 (T: 1625, C: 24.2%, D: 19.2%, P/R: 18.36, G: 1646.51, M: 1.38, S: 1947)+38% damage",""
"00:37.194","Lemme At'em Circle of Scorn Erichthonios Tick  585 (T: 571, C: 24.2%, D: 19.2%, P/R: 18.36, G: 578.21, M: 1.05, S: 684)+5% damage",""
"00:38.487","Lemme At'em prepares  attack  on Erichthonios *2059*+5% damage",""
"00:38.578","Lemme At'em prepares  Holy Spirit  on Erichthonios *16190*+5% damage",""
"00:39.023","Lemme At'em attack Erichthonios *2059*",""
"00:39.337","Lemme At'em Holy Spirit Erichthonios *16190*",""
"00:39.919","Lemme At'em prepares  Expiacion  on Erichthonios *8959*",""
"00:40.185","Lemme At'em Goring Blade Erichthonios Tick  2087 (T: 1625, C: 24.2%, D: 19.2%, P/R: 18.36, G: 1646.51, M: 1.38, S: 1947)+38% damage",""
"00:40.185","Lemme At'em Circle of Scorn Erichthonios Tick  732 (T: 571, C: 24.2%, D: 19.2%, P/R: 18.36, G: 578.21, M: 1.05, S: 684)+5% damage",""
"00:40.318","Lemme At'em Expiacion Erichthonios *8959*",""
"00:40.761","Lemme At'em prepares  attack  on Erichthonios 1215",""
"00:41.074","Lemme At'em prepares  Confiteor  on Erichthonios *24704*",""
"00:41.296","Lemme At'em attack Erichthonios 1215",""
"00:41.696","Lemme At'em Confiteor Erichthonios *24704*",""
"00:43.030","Lemme At'em prepares  attack  on Erichthonios 1500 (Direct Hit)",""
"00:43.208","Lemme At'em Goring Blade Erichthonios Tick  2043 (T: 1625, C: 24.2%, D: 19.2%, P/R: 18.36, G: 1646.51, M: 1.38, S: 1947)+38% damage",""
"00:43.208","Lemme At'em Circle of Scorn Erichthonios Tick  718 (T: 571, C: 24.2%, D: 19.2%, P/R: 18.36, G: 578.21, M: 1.05, S: 684)+5% damage",""
"00:43.565","Lemme At'em attack Erichthonios 1500 (Direct Hit)",""
"00:43.610","Lemme At'em prepares  Blade of Faith  on Erichthonios 7124",""
"00:44.231","Lemme At'em Blade of Faith Erichthonios 7124",""
"00:45.298","Lemme At'em prepares  attack  on Erichthonios *1945*",""
"00:45.834","Lemme At'em attack Erichthonios *1945*",""
"00:46.101","Lemme At'em prepares  Blade of Truth  on Erichthonios *13422*",""
"00:46.190","Lemme At'em Goring Blade Erichthonios Tick  1872 (T: 1625, C: 24.2%, D: 19.2%, P/R: 18.36, G: 1646.51, M: 1.38, S: 1947)+38% damage",""
"00:46.190","Lemme At'em Circle of Scorn Erichthonios Tick  658 (T: 571, C: 24.2%, D: 19.2%, P/R: 18.36, G: 578.21, M: 1.05, S: 684)+5% damage",""
"00:46.989","Lemme At'em Blade of Truth Erichthonios *13422*",""
"00:47.567","Lemme At'em prepares  attack  on Erichthonios *1905*",""
"00:48.103","Lemme At'em attack Erichthonios *1905*",""
"00:48.637","Lemme At'em prepares  Blade of Valor  on Erichthonios 12923 (Direct Hit)",""
"00:49.218","Lemme At'em Goring Blade Erichthonios Tick  2180 (T: 1625, C: 24.2%, D: 19.2%, P/R: 18.36, G: 1646.51, M: 1.38, S: 1947)+38% damage",""
"00:49.218","Lemme At'em Circle of Scorn Erichthonios Tick  766 (T: 571, C: 24.2%, D: 19.2%, P/R: 18.36, G: 578.21, M: 1.05, S: 684)+5% damage",""
"00:49.532","Lemme At'em Blade of Valor Erichthonios 12923 (Direct Hit)",""
"00:49.842","Lemme At'em prepares  attack  on Erichthonios 1218",""
"00:50.375","Lemme At'em attack Erichthonios 1218",""
"00:51.129","Lemme At'em prepares  Fast Blade  on Erichthonios 3489",""
"00:51.753","Lemme At'em Fast Blade Erichthonios 3489",""
"00:52.197","Lemme At'em Blade of Valor Erichthonios Tick  1819 (T: 1417, C: 24.2%, D: 19.2%, P/R: 18.36, G: 1468.46, M: 1, S: 1697)",""
"00:53.129","Lemme At'em prepares  attack  on Erichthonios *1857*",""
"00:53.531","Lemme At'em prepares  Riot Blade  on Erichthonios 4948 (+43%)",""
"00:53.664","Lemme At'em attack Erichthonios *1857*",""
"00:54.287","Lemme At'em Riot Blade Erichthonios 4948 (+43%)",""
"00:55.178","Lemme At'em Blade of Valor Erichthonios Tick  1942 (T: 1417, C: 24.2%, D: 19.2%, P/R: 18.36, G: 1468.46, M: 1, S: 1697)",""
"00:55.401","Lemme At'em prepares  attack  on Erichthonios 1197",""
"00:55.935","Lemme At'em attack Erichthonios 1197",""
"00:55.935","Lemme At'em prepares  Royal Authority  on Erichthonios 7476 (+69%)",""
"00:56.513","Lemme At'em Royal Authority Erichthonios 7476 (+69%)",""
"00:57.669","Lemme At'em prepares  attack  on Erichthonios *2403* (Direct Hit)",""
"00:58.203","Lemme At'em attack Erichthonios *2403* (Direct Hit)",""
"00:58.203","Lemme At'em Blade of Valor Erichthonios Tick  1859 (T: 1417, C: 24.2%, D: 19.2%, P/R: 18.36, G: 1468.46, M: 1, S: 1697)",""
"00:58.380","Lemme At'em prepares  Atonement  on Erichthonios *11431*",""
"00:59.672","Lemme At'em Atonement Erichthonios *11431*",""
"00:59.939","Lemme At'em prepares  attack  on Erichthonios 1192",""
"01:00.472","Lemme At'em attack Erichthonios 1192",""
"01:00.783","Lemme At'em prepares  Atonement  on Erichthonios 7338",""
"01:01.184","Lemme At'em Blade of Valor Erichthonios Tick  2096 (T: 1417, C: 24.2%, D: 19.2%, P/R: 18.36, G: 1468.46, M: 1, S: 1697)",""
"01:02.074","Lemme At'em Atonement Erichthonios 7338",""
"01:02.207","Lemme At'em prepares  attack  on Erichthonios 1432 (Direct Hit)",""
"01:02.742","Lemme At'em attack Erichthonios 1432 (Direct Hit)",""
"01:03.230","Lemme At'em prepares  Fast Blade  on Erichthonios 4140 (Direct Hit)",""
"01:03.854","Lemme At'em Fast Blade Erichthonios 4140 (Direct Hit)",""
"01:04.211","Lemme At'em Blade of Valor Erichthonios Tick  1536 (T: 1417, C: 24.2%, D: 19.2%, P/R: 18.36, G: 1468.46, M: 1, S: 1697)",""
"01:04.477","Lemme At'em prepares  attack  on Erichthonios 1138",""
"01:05.009","Lemme At'em attack Erichthonios 1138",""
"01:05.630","Lemme At'em prepares  Riot Blade  on Erichthonios 8391 (Direct Hit) (+43%)+25% damage",""
"01:06.298","Lemme At'em prepares  Circle of Scorn  on Erichthonios 2617 (Direct Hit)+25% damage",""
"01:06.387","Lemme At'em Riot Blade Erichthonios 8391 (Direct Hit) (+43%)",""
"01:06.744","Lemme At'em prepares  attack  on Erichthonios 1496+25% damage",""
"01:07.190","Lemme At'em Blade of Valor Erichthonios Tick  1825 (T: 1417, C: 24.2%, D: 19.2%, P/R: 18.36, G: 1468.46, M: 1, S: 1697)",""
"01:07.279","Lemme At'em attack Erichthonios 1496",""
"01:07.323","Lemme At'em Circle of Scorn Erichthonios 2617 (Direct Hit)",""
"01:08.079","Lemme At'em prepares  Goring Blade  on Erichthonios 5491 (+60%)+25% damage",""
"01:08.611","Lemme At'em Goring Blade Erichthonios 5491 (+60%)",""
"01:09.011","Lemme At'em prepares  attack  on Erichthonios 1881 (Direct Hit)+25% damage",""
"01:09.322","Lemme At'em prepares  Intervene  on Erichthonios *5118*+25% damage",""
"01:09.544","Lemme At'em attack Erichthonios 1881 (Direct Hit)",""
"01:09.899","Lemme At'em Intervene Erichthonios *5118*",""
"01:10.213","Lemme At'em Circle of Scorn Erichthonios Tick  715 (T: 661, C: 24.2%, D: 19.2%, P/R: 18.36, G: 688.34, M: 1.25, S: 791)+25% damage",""
"01:10.213","Lemme At'em Goring Blade Erichthonios Tick  1554 (T: 1438, C: 24.2%, D: 19.2%, P/R: 18.36, G: 1491.41, M: 1.25, S: 1722)+25% damage",""
"01:10.479","Lemme At'em prepares  Fast Blade  on Erichthonios 4242+25% damage",""
"01:11.100","Lemme At'em Fast Blade Erichthonios 4242",""
"01:11.189","Lemme At'em prepares  Expiacion  on Erichthonios 7672+25% damage",""
"01:11.278","Lemme At'em prepares  attack  on Erichthonios 1425+25% damage",""
"01:11.545","Lemme At'em Expiacion Erichthonios 7672",""
"01:11.813","Lemme At'em attack Erichthonios 1425",""
"01:12.926","Lemme At'em prepares  Riot Blade  on Erichthonios 6618 (+43%)+25% damage",""
"01:13.193","Lemme At'em Circle of Scorn Erichthonios Tick  766 (T: 661, C: 24.2%, D: 19.2%, P/R: 18.36, G: 688.34, M: 1.25, S: 791)+25% damage",""
"01:13.193","Lemme At'em Goring Blade Erichthonios Tick  1666 (T: 1438, C: 24.2%, D: 19.2%, P/R: 18.36, G: 1491.41, M: 1.25, S: 1722)+25% damage",""
"01:13.549","Lemme At'em prepares  attack  on Erichthonios 1447+25% damage",""
"01:13.683","Lemme At'em Riot Blade Erichthonios 6618 (+43%)",""
"01:14.084","Lemme At'em attack Erichthonios 1447",""
"01:14.530","Lemme At'em prepares  Requiescat  on Erichthonios 6971",""
"01:15.154","Lemme At'em Requiescat Erichthonios 6971",""
"01:15.332","Lemme At'em prepares  Royal Authority  on Erichthonios 9122 (+69%)+25% damage",""
"01:15.821","Lemme At'em prepares  attack  on Erichthonios 1450+25% damage",""
"01:15.910","Lemme At'em Royal Authority Erichthonios 9122 (+69%)",""
"01:15.956","Lemme At'em prepares  Intervene  on Erichthonios 3112+25% damage",""
"01:16.178","Lemme At'em Circle of Scorn Erichthonios Tick  738 (T: 661, C: 24.2%, D: 19.2%, P/R: 18.36, G: 688.34, M: 1.25, S: 791)+25% damage",""
"01:16.178","Lemme At'em Goring Blade Erichthonios Tick  1603 (T: 1438, C: 24.2%, D: 19.2%, P/R: 18.36, G: 1491.41, M: 1.25, S: 1722)+25% damage",""
"01:16.355","Lemme At'em attack Erichthonios 1450",""
"01:16.532","Lemme At'em Intervene Erichthonios 3112",""
"01:17.777","Lemme At'em prepares  Atonement  on Erichthonios 9441+25% damage",""
"01:18.090","Lemme At'em prepares  attack  on Erichthonios 1478+25% damage",""
"01:18.625","Lemme At'em attack Erichthonios 1478",""
"01:19.070","Lemme At'em Atonement Erichthonios 9441",""
"01:19.204","Lemme At'em Circle of Scorn Erichthonios Tick  819 (T: 661, C: 24.2%, D: 19.2%, P/R: 18.36, G: 688.34, M: 1.25, S: 791)+25% damage",""
"01:19.204","Lemme At'em Goring Blade Erichthonios Tick  1782 (T: 1438, C: 24.2%, D: 19.2%, P/R: 18.36, G: 1491.41, M: 1.25, S: 1722)+25% damage",""
"01:20.182","Lemme At'em prepares  Atonement  on Erichthonios 8643+25% damage",""
"01:20.359","Lemme At'em prepares  attack  on Erichthonios 1503+25% damage",""
"01:20.892","Lemme At'em attack Erichthonios 1503",""
"01:21.470","Lemme At'em Atonement Erichthonios 8643",""
"01:22.182","Lemme At'em Circle of Scorn Erichthonios Tick  731 (T: 661, C: 24.2%, D: 19.2%, P/R: 18.36, G: 688.34, M: 1.25, S: 791)+25% damage",""
"01:22.182","Lemme At'em Goring Blade Erichthonios Tick  1589 (T: 1438, C: 24.2%, D: 19.2%, P/R: 18.36, G: 1491.41, M: 1.25, S: 1722)+25% damage",""
"01:22.628","Lemme At'em prepares  attack  on Erichthonios 1440+25% damage",""
"01:22.673","Lemme At'em prepares  Atonement  on Erichthonios *13951*+25% damage",""
"01:23.162","Lemme At'em attack Erichthonios 1440",""
"01:23.964","Lemme At'em Atonement Erichthonios *13951*",""
"01:24.899","Lemme At'em prepares  attack  on Erichthonios 1538+25% damage",""
"01:25.078","Lemme At'em prepares  Fast Blade  on Erichthonios 4296+25% damage",""
"01:25.211","Lemme At'em Goring Blade Erichthonios Tick  1444 (T: 1438, C: 24.2%, D: 19.2%, P/R: 18.36, G: 1491.41, M: 1.25, S: 1722)+25% damage",""
"01:25.432","Lemme At'em attack Erichthonios 1538",""
"01:25.700","Lemme At'em Fast Blade Erichthonios 4296",""
"01:27.169","Lemme At'em prepares  attack  on Erichthonios *2298*+25% damage",""
"01:27.482","Lemme At'em prepares  Riot Blade  on Erichthonios *13420* (Direct Hit) (+43%)+25% damage",""
"01:27.704","Lemme At'em attack Erichthonios *2298*",""
"01:28.195","Lemme At'em Goring Blade Erichthonios Tick  1723 (T: 1438, C: 24.2%, D: 19.2%, P/R: 18.36, G: 1491.41, M: 1.25, S: 1722)+25% damage",""
"01:28.239","Lemme At'em Riot Blade Erichthonios *13420* (Direct Hit) (+43%)",""
"01:29.440","Lemme At'em prepares  attack  on Erichthonios 1551+25% damage",""
"01:29.885","Lemme At'em prepares  Goring Blade  on Erichthonios *10663* (Direct Hit) (+60%)+25% damage",""
"01:29.974","Lemme At'em attack Erichthonios 1551",""
"01:30.419","Lemme At'em Goring Blade Erichthonios *10663* (Direct Hit) (+60%)",""
"01:31.218","Lemme At'em Goring Blade Erichthonios Tick  1702 (T: 1438, C: 24.2%, D: 19.2%, P/R: 18.36, G: 1491.41, M: 1.25, S: 1722)+25% damage",""
"01:31.706","Lemme At'em prepares  attack  on Erichthonios 1496 (Direct Hit)",""
"01:32.241","Lemme At'em attack Erichthonios 1496 (Direct Hit)",""
"01:32.374","Lemme At'em prepares  Holy Spirit  on Erichthonios 11578 (Direct Hit)",""
"01:33.132","Lemme At'em Holy Spirit Erichthonios 11578 (Direct Hit)",""
"01:33.978","Lemme At'em prepares  attack  on Erichthonios *1896*",""
"01:34.200","Lemme At'em Goring Blade Erichthonios Tick  1737 (T: 1438, C: 24.2%, D: 19.2%, P/R: 18.36, G: 1491.41, M: 1.25, S: 1722)+25% damage",""
"01:34.510","Lemme At'em attack Erichthonios *1896*",""
"01:34.867","Lemme At'em prepares  Holy Spirit  on Erichthonios 9390",""
"01:35.623","Lemme At'em Holy Spirit Erichthonios 9390",""
"01:36.246","Lemme At'em prepares  attack  on Erichthonios 1232",""
"01:36.335","Lemme At'em prepares  Circle of Scorn  on Erichthonios *2806*",""
"01:36.780","Lemme At'em attack Erichthonios 1232",""
"01:37.181","Lemme At'em Goring Blade Erichthonios Tick  1779 (T: 1438, C: 24.2%, D: 19.2%, P/R: 18.36, G: 1491.41, M: 1.25, S: 1722)+25% damage",""
"01:37.359","Lemme At'em Circle of Scorn Erichthonios *2806*",""
"01:37.359","Lemme At'em prepares  Holy Spirit  on Erichthonios 9576",""
"01:38.117","Lemme At'em Holy Spirit Erichthonios 9576",""
"01:38.516","Lemme At'em prepares  attack  on Erichthonios 1232",""
"01:39.050","Lemme At'em attack Erichthonios 1232",""
"01:39.851","Lemme At'em prepares  Holy Spirit  on Erichthonios *14604*",""
"01:40.207","Lemme At'em Goring Blade Erichthonios Tick  1633 (T: 1438, C: 24.2%, D: 19.2%, P/R: 18.36, G: 1491.41, M: 1.25, S: 1722)+25% damage",""
"01:40.207","Lemme At'em Circle of Scorn Erichthonios Tick  601 (T: 529, C: 24.2%, D: 19.2%, P/R: 18.36, G: 550.67, M: 1, S: 633)",""
"01:40.607","Lemme At'em Holy Spirit Erichthonios *14604*",""
"01:40.785","Lemme At'em prepares  attack  on Erichthonios 1240",""
"01:41.186","Lemme At'em prepares  Expiacion  on Erichthonios *9514*",""
"01:41.319","Lemme At'em attack Erichthonios 1240",""
"01:41.541","Lemme At'em Expiacion Erichthonios *9514*",""
"01:42.342","Lemme At'em prepares  Confiteor  on Erichthonios *29679* (Direct Hit)",""
"01:42.965","Lemme At'em Confiteor Erichthonios *29679* (Direct Hit)",""
"01:43.054","Lemme At'em prepares  attack  on Erichthonios *1884*",""
"01:43.188","Lemme At'em Goring Blade Erichthonios Tick  1568 (T: 1438, C: 24.2%, D: 19.2%, P/R: 18.36, G: 1491.41, M: 1.25, S: 1722)+25% damage",""
"01:43.188","Lemme At'em Circle of Scorn Erichthonios Tick  576 (T: 529, C: 24.2%, D: 19.2%, P/R: 18.36, G: 550.67, M: 1, S: 633)",""
"01:43.588","Lemme At'em attack Erichthonios *1884*",""
"01:44.881","Lemme At'em prepares  Blade of Faith  on Erichthonios 7326",""
"01:45.326","Lemme At'em prepares  attack  on Erichthonios *2374* (Direct Hit)",""
"01:45.504","Lemme At'em Blade of Faith Erichthonios 7326",""
"01:45.861","Lemme At'em attack Erichthonios *2374* (Direct Hit)",""
"01:46.219","Lemme At'em Goring Blade Erichthonios Tick  1898 (T: 1438, C: 24.2%, D: 19.2%, P/R: 18.36, G: 1491.41, M: 1.25, S: 1722)+25% damage",""
"01:46.219","Lemme At'em Circle of Scorn Erichthonios Tick  698 (T: 529, C: 24.2%, D: 19.2%, P/R: 18.36, G: 550.67, M: 1, S: 633)",""
"01:47.375","Lemme At'em prepares  Blade of Truth  on Erichthonios 8752",""
"01:47.598","Lemme At'em prepares  attack  on Erichthonios *1868*",""
"01:48.132","Lemme At'em attack Erichthonios *1868*",""
"01:48.266","Lemme At'em Blade of Truth Erichthonios 8752",""
"01:49.202","Lemme At'em Goring Blade Erichthonios Tick  1755 (T: 1438, C: 24.2%, D: 19.2%, P/R: 18.36, G: 1491.41, M: 1.25, S: 1722)+25% damage",""
"01:49.202","Lemme At'em Circle of Scorn Erichthonios Tick  646 (T: 529, C: 24.2%, D: 19.2%, P/R: 18.36, G: 550.67, M: 1, S: 633)",""
"01:49.870","Lemme At'em prepares  Blade of Valor  on Erichthonios 10252",""
"01:49.870","Lemme At'em prepares  attack  on Erichthonios 1202",""
"01:50.403","Lemme At'em attack Erichthonios 1202",""
"01:50.760","Lemme At'em Blade of Valor Erichthonios 10252",""
"01:52.140","Lemme At'em prepares  attack  on Erichthonios 1227",""
"01:52.183","Lemme At'em Circle of Scorn Erichthonios Tick  704 (T: 529, C: 24.2%, D: 19.2%, P/R: 18.36, G: 550.67, M: 1, S: 633)",""
"01:52.183","Lemme At'em Blade of Valor Erichthonios Tick  1885 (T: 1417, C: 24.2%, D: 19.2%, P/R: 18.36, G: 1468.46, M: 1, S: 1697)",""
"01:52.362","Lemme At'em prepares  Fast Blade  on Erichthonios 3445",""
"01:52.674","Lemme At'em attack Erichthonios 1227",""
"01:52.985","Lemme At'em Fast Blade Erichthonios 3445",""
"01:54.412","Lemme At'em prepares  attack  on Erichthonios 1189",""
"01:54.767","Lemme At'em prepares  Riot Blade  on Erichthonios 5359 (+43%)",""
"01:54.945","Lemme At'em attack Erichthonios 1189",""
"01:55.212","Lemme At'em Blade of Valor Erichthonios Tick  1602 (T: 1417, C: 24.2%, D: 19.2%, P/R: 18.36, G: 1468.46, M: 1, S: 1697)",""
"01:55.523","Lemme At'em Riot Blade Erichthonios 5359 (+43%)",""
"01:56.682","Lemme At'em prepares  attack  on Erichthonios *1805*",""
"01:57.215","Lemme At'em attack Erichthonios *1805*",""
"01:57.215","Lemme At'em prepares  Royal Authority  on Erichthonios 7500 (+69%)",""
"01:57.793","Lemme At'em Royal Authority Erichthonios 7500 (+69%)",""
"01:58.195","Lemme At'em Blade of Valor Erichthonios Tick  1505 (T: 1417, C: 24.2%, D: 19.2%, P/R: 18.36, G: 1468.46, M: 1, S: 1697)",""
"01:58.951","Lemme At'em prepares  attack  on Erichthonios 1165",""
"01:59.483","Lemme At'em attack Erichthonios 1165",""
"01:59.617","Lemme At'em prepares  Atonement  on Erichthonios 6958",""
"02:00.950","Lemme At'em Atonement Erichthonios 6958",""
"02:01.220","Lemme At'em Blade of Valor Erichthonios Tick  1578 (T: 1417, C: 24.2%, D: 19.2%, P/R: 18.36, G: 1468.46, M: 1, S: 1697)",""
"02:01.220","Lemme At'em prepares  attack  on Erichthonios *1917*",""
"02:01.754","Lemme At'em attack Erichthonios *1917*",""
"02:02.067","Lemme At'em prepares  Atonement  on Erichthonios 6924",""
"02:03.359","Lemme At'em Atonement Erichthonios 6924",""
"02:03.492","Lemme At'em prepares  attack  on Erichthonios *1897*",""
"02:04.025","Lemme At'em attack Erichthonios *1897*",""
"02:04.204","Lemme At'em Blade of Valor Erichthonios Tick  1902 (T: 1417, C: 24.2%, D: 19.2%, P/R: 18.36, G: 1468.46, M: 1, S: 1697)",""
"02:04.471","Lemme At'em prepares  Fast Blade  on Erichthonios 4471 (Direct Hit)",""
"02:05.095","Lemme At'em Fast Blade Erichthonios 4471 (Direct Hit)",""
"02:05.763","Lemme At'em prepares  attack  on Erichthonios 1443 (Direct Hit)",""
"02:06.298","Lemme At'em attack Erichthonios 1443 (Direct Hit)",""
"02:06.875","Lemme At'em prepares  Riot Blade  on Erichthonios *10018* (+43%)+25% damage",""
"02:07.186","Lemme At'em Blade of Valor Erichthonios Tick  1630 (T: 1417, C: 24.2%, D: 19.2%, P/R: 18.36, G: 1468.46, M: 1, S: 1697)",""
"02:07.498","Lemme At'em prepares  Circle of Scorn  on Erichthonios *3321*+25% damage",""
"02:07.632","Lemme At'em Riot Blade Erichthonios *10018* (+43%)",""
"02:08.033","Lemme At'em prepares  attack  on Erichthonios 1507+25% damage",""
"02:08.522","Lemme At'em Circle of Scorn Erichthonios *3321*",""
"02:08.567","Lemme At'em attack Erichthonios 1507",""
"02:09.326","Lemme At'em prepares  Goring Blade  on Erichthonios 5451 (+60%)+31% damage",""
"02:09.861","Lemme At'em Goring Blade Erichthonios 5451 (+60%)",""
"02:09.950","Lemme At'em prepares  Intervene  on Erichthonios 3307+31% damage",""
"02:10.218","Lemme At'em Circle of Scorn Erichthonios Tick  898 (T: 661, C: 34.2%, D: 19.2%, P/R: 18.36, G: 688.34, M: 1.25, S: 833)+25% damage",""
"02:10.218","Lemme At'em Goring Blade Erichthonios Tick  2049 (T: 1509, C: 34.2%, D: 19.2%, P/R: 18.36, G: 1563.00, M: 1.31, S: 1901)+31% damage",""
"02:10.307","Lemme At'em prepares  attack  on Erichthonios *2395*+31% damage",""
"02:10.530","Lemme At'em Intervene Erichthonios 3307",""
"02:10.841","Lemme At'em attack Erichthonios *2395*",""
"02:11.198","Lemme At'em prepares  Expiacion  on Erichthonios *12312*+39% damage",""
"02:11.555","Lemme At'em Expiacion Erichthonios *12312*",""
"02:11.822","Lemme At'em prepares  Fast Blade  on Erichthonios *7799*+39% damage",""
"02:12.401","Lemme At'em prepares  Intervene  on Erichthonios 3542+39% damage",""
"02:12.446","Lemme At'em Fast Blade Erichthonios *7799*",""
"02:12.580","Lemme At'em prepares  attack  on Erichthonios 1586+39% damage",""
"02:12.981","Lemme At'em Intervene Erichthonios 3542",""
"02:13.116","Lemme At'em attack Erichthonios 1586",""
"02:13.205","Lemme At'em Circle of Scorn Erichthonios Tick  784 (T: 661, C: 34.2%, D: 19.2%, P/R: 18.36, G: 688.34, M: 1.25, S: 833)+25% damage",""
"02:13.205","Lemme At'em Goring Blade Erichthonios Tick  1791 (T: 1509, C: 34.2%, D: 19.2%, P/R: 18.36, G: 1563.00, M: 1.31, S: 1901)+31% damage",""
"02:14.228","Lemme At'em prepares  Riot Blade  on Erichthonios 7035 (+43%)+39% damage",""
"02:14.852","Lemme At'em prepares  attack  on Erichthonios 1624+39% damage",""
"02:14.986","Lemme At'em Riot Blade Erichthonios 7035 (+43%)",""
"02:15.385","Lemme At'em attack Erichthonios 1624",""
"02:16.008","Lemme At'em prepares  Requiescat  on Erichthonios 7744+11% damage",""
"02:16.187","Lemme At'em Circle of Scorn Erichthonios Tick  802 (T: 661, C: 34.2%, D: 19.2%, P/R: 18.36, G: 688.34, M: 1.25, S: 833)+25% damage",""
"02:16.187","Lemme At'em Goring Blade Erichthonios Tick  1829 (T: 1509, C: 34.2%, D: 19.2%, P/R: 18.36, G: 1563.00, M: 1.31, S: 1901)+31% damage",""
"02:16.633","Lemme At'em Requiescat Erichthonios 7744",""
"02:16.633","Lemme At'em prepares  Royal Authority  on Erichthonios 9713 (+69%)+39% damage",""
"02:17.123","Lemme At'em prepares  attack  on Erichthonios 1580+39% damage",""
"02:17.212","Lemme At'em Royal Authority Erichthonios 9713 (+69%)",""
"02:17.657","Lemme At'em attack Erichthonios 1580",""
"02:19.083","Lemme At'em prepares  Atonement  on Erichthonios *15487*+39% damage",""
"02:19.216","Lemme At'em Circle of Scorn Erichthonios Tick  858 (T: 661, C: 34.2%, D: 19.2%, P/R: 18.36, G: 688.34, M: 1.25, S: 833)+25% damage",""
"02:19.216","Lemme At'em Goring Blade Erichthonios Tick  1958 (T: 1509, C: 34.2%, D: 19.2%, P/R: 18.36, G: 1563.00, M: 1.31, S: 1901)+31% damage",""
"02:19.395","Lemme At'em prepares  attack  on Erichthonios 1964 (Direct Hit)+39% damage",""
"02:19.929","Lemme At'em attack Erichthonios 1964 (Direct Hit)",""
"02:20.374","Lemme At'em Atonement Erichthonios *15487*",""
"02:21.486","Lemme At'em prepares  Atonement  on Erichthonios *15946*+39% damage",""
"02:21.664","Lemme At'em prepares  attack  on Erichthonios 1982 (Direct Hit)+39% damage",""
"02:22.199","Lemme At'em attack Erichthonios 1982 (Direct Hit)",""
"02:22.200","Lemme At'em Circle of Scorn Erichthonios Tick  761 (T: 661, C: 34.2%, D: 19.2%, P/R: 18.36, G: 688.34, M: 1.25, S: 833)+25% damage",""
"02:22.200","Lemme At'em Goring Blade Erichthonios Tick  1736 (T: 1509, C: 34.2%, D: 19.2%, P/R: 18.36, G: 1563.00, M: 1.31, S: 1901)+31% damage",""
"02:22.778","Lemme At'em Atonement Erichthonios *15946*",""
"02:23.936","Lemme At'em prepares  Atonement  on Erichthonios 10436+39% damage",""
"02:23.936","Lemme At'em prepares  attack  on Erichthonios 1681+39% damage",""
"02:24.470","Lemme At'em attack Erichthonios 1681",""
"02:25.183","Lemme At'em Goring Blade Erichthonios Tick  1836 (T: 1509, C: 34.2%, D: 19.2%, P/R: 18.36, G: 1563.00, M: 1.31, S: 1901)+31% damage",""
"02:25.228","Lemme At'em Atonement Erichthonios 10436",""
"02:26.210","Lemme At'em prepares  attack  on Erichthonios 1461+25% damage",""
"02:26.344","Lemme At'em prepares  Fast Blade  on Erichthonios 4262+25% damage",""
"02:26.745","Lemme At'em attack Erichthonios 1461",""
"02:26.967","Lemme At'em Fast Blade Erichthonios 4262",""
"02:28.182","Lemme At'em Goring Blade Erichthonios Tick  1774 (T: 1509, C: 34.2%, D: 19.2%, P/R: 18.36, G: 1563.00, M: 1.31, S: 1901)+31% damage",""
"02:28.483","Lemme At'em prepares  attack  on Erichthonios 1483+25% damage",""
"02:28.749","Lemme At'em prepares  Riot Blade  on Erichthonios 6583 (+43%)+25% damage",""
"02:29.016","Lemme At'em attack Erichthonios 1483",""
"02:29.506","Lemme At'em Riot Blade Erichthonios 6583 (+43%)",""
"02:30.756","Lemme At'em prepares  attack  on Erichthonios *2446*+25% damage",""
"02:31.200","Lemme At'em prepares  Goring Blade  on Erichthonios 6427 (Direct Hit) (+60%)+25% damage",""
"02:31.289","Lemme At'em attack Erichthonios *2446*",""
"02:31.733","Lemme At'em Goring Blade Erichthonios 6427 (Direct Hit) (+60%)",""
"02:33.024","Lemme At'em prepares  attack  on Erichthonios 1236",""
"02:33.559","Lemme At'em attack Erichthonios 1236",""
"02:33.604","Lemme At'em prepares  Holy Spirit  on Erichthonios 9328",""
"02:34.182","Lemme At'em Goring Blade Erichthonios Tick  1598 (T: 1438, C: 24.2%, D: 19.2%, P/R: 18.36, G: 1491.41, M: 1.25, S: 1722)+25% damage",""
"02:34.359","Lemme At'em Holy Spirit Erichthonios 9328",""
"02:35.295","Lemme At'em prepares  attack  on Erichthonios *1848*",""
"02:35.830","Lemme At'em attack Erichthonios *1848*",""
"02:36.097","Lemme At'em prepares  Holy Spirit  on Erichthonios 8860",""
"02:36.854","Lemme At'em Holy Spirit Erichthonios 8860",""
"02:37.210","Lemme At'em Goring Blade Erichthonios Tick  1393 (T: 1438, C: 24.2%, D: 19.2%, P/R: 18.36, G: 1491.41, M: 1.25, S: 1722)+25% damage",""
"02:37.566","Lemme At'em prepares  attack  on Erichthonios 1505 (Direct Hit)",""
"02:37.788","Lemme At'em prepares  Circle of Scorn  on Erichthonios 2159 (Direct Hit)",""
"02:38.100","Lemme At'em attack Erichthonios 1505 (Direct Hit)",""
"02:38.724","Lemme At'em prepares  Holy Spirit  on Erichthonios 9275",""
"02:38.812","Lemme At'em Circle of Scorn Erichthonios 2159 (Direct Hit)",""
"02:39.482","Lemme At'em Holy Spirit Erichthonios 9275",""
"02:39.839","Lemme At'em prepares  attack  on Erichthonios 1472 (Direct Hit)",""
"02:40.195","Lemme At'em Goring Blade Erichthonios Tick  1661 (T: 1438, C: 24.2%, D: 19.2%, P/R: 18.36, G: 1491.41, M: 1.25, S: 1722)+25% damage",""
"02:40.195","Lemme At'em Circle of Scorn Erichthonios Tick  611 (T: 529, C: 24.2%, D: 19.2%, P/R: 18.36, G: 550.67, M: 1, S: 633)",""
"02:40.372","Lemme At'em attack Erichthonios 1472 (Direct Hit)",""
"02:41.221","Lemme At'em prepares  Holy Spirit  on Erichthonios *14864*",""
"02:41.846","Lemme At'em prepares  Expiacion  on Erichthonios 5555",""
"02:41.978","Lemme At'em Holy Spirit Erichthonios *14864*",""
"02:42.112","Lemme At'em prepares  attack  on Erichthonios 1206",""
"02:42.202","Lemme At'em Expiacion Erichthonios 5555",""
"02:42.647","Lemme At'em attack Erichthonios 1206",""
"02:43.180","Lemme At'em Goring Blade Erichthonios Tick  1748 (T: 1438, C: 24.2%, D: 19.2%, P/R: 18.36, G: 1491.41, M: 1.25, S: 1722)+25% damage",""
"02:43.180","Lemme At'em Circle of Scorn Erichthonios Tick  642 (T: 529, C: 24.2%, D: 19.2%, P/R: 18.36, G: 550.67, M: 1, S: 633)",""
"02:43.714","Lemme At'em prepares  Confiteor  on Erichthonios 15102",""
"02:44.337","Lemme At'em Confiteor Erichthonios 15102",""
"02:44.382","Lemme At'em prepares  attack  on Erichthonios *1856*",""
"02:44.915","Lemme At'em attack Erichthonios *1856*",""
"02:46.209","Lemme At'em Goring Blade Erichthonios Tick  1842 (T: 1438, C: 24.2%, D: 19.2%, P/R: 18.36, G: 1491.41, M: 1.25, S: 1722)+25% damage",""
"02:46.209","Lemme At'em Circle of Scorn Erichthonios Tick  678 (T: 529, C: 24.2%, D: 19.2%, P/R: 18.36, G: 550.67, M: 1, S: 633)",""
"02:46.209","Lemme At'em prepares  Blade of Faith  on Erichthonios 7386",""
"02:46.654","Lemme At'em prepares  attack  on Erichthonios 1235",""
"02:46.831","Lemme At'em Blade of Faith Erichthonios 7386",""
"02:47.188","Lemme At'em attack Erichthonios 1235",""
"02:48.702","Lemme At'em prepares  Blade of Truth  on Erichthonios 11217 (Direct Hit)",""
"02:48.924","Lemme At'em prepares  attack  on Erichthonios 1233",""
"02:49.193","Lemme At'em Goring Blade Erichthonios Tick  2022 (T: 1438, C: 24.2%, D: 19.2%, P/R: 18.36, G: 1491.41, M: 1.25, S: 1722)+25% damage",""
"02:49.193","Lemme At'em Circle of Scorn Erichthonios Tick  744 (T: 529, C: 24.2%, D: 19.2%, P/R: 18.36, G: 550.67, M: 1, S: 633)",""
"02:49.460","Lemme At'em attack Erichthonios 1233",""
"02:49.592","Lemme At'em Blade of Truth Erichthonios 11217 (Direct Hit)",""
"02:51.195","Lemme At'em prepares  Blade of Valor  on Erichthonios 9909",""
"02:51.195","Lemme At'em prepares  attack  on Erichthonios 1157",""
"02:51.729","Lemme At'em attack Erichthonios 1157",""
"02:52.084","Lemme At'em Blade of Valor Erichthonios 9909",""
"02:52.218","Lemme At'em Circle of Scorn Erichthonios Tick  550 (T: 529, C: 24.2%, D: 19.2%, P/R: 18.36, G: 550.67, M: 1, S: 633)",""
"02:52.218","Lemme At'em Blade of Valor Erichthonios Tick  1471 (T: 1417, C: 24.2%, D: 19.2%, P/R: 18.36, G: 1468.46, M: 1, S: 1697)",""
"02:53.465","Lemme At'em prepares  attack  on Erichthonios 1242",""
"02:53.731","Lemme At'em prepares  Fast Blade  on Erichthonios *5373*",""
"02:53.997","Lemme At'em attack Erichthonios 1242",""
"02:54.352","Lemme At'em Fast Blade Erichthonios *5373*",""
"02:55.196","Lemme At'em Blade of Valor Erichthonios Tick  1699 (T: 1417, C: 24.2%, D: 19.2%, P/R: 18.36, G: 1468.46, M: 1, S: 1697)",""
"02:55.729","Lemme At'em prepares  attack  on Erichthonios 1136",""
"02:56.130","Lemme At'em prepares  Riot Blade  on Erichthonios 5383 (+43%)",""
"02:56.263","Lemme At'em attack Erichthonios 1136",""
"02:56.885","Lemme At'em Riot Blade Erichthonios 5383 (+43%)",""
"02:57.997","Lemme At'em prepares  attack  on Erichthonios 1180",""
"02:58.219","Lemme At'em Blade of Valor Erichthonios Tick  1597 (T: 1417, C: 24.2%, D: 19.2%, P/R: 18.36, G: 1468.46, M: 1, S: 1697)",""
"02:58.531","Lemme At'em attack Erichthonios 1180",""
"02:58.577","Lemme At'em prepares  Royal Authority  on Erichthonios 7042 (+69%)",""
"02:59.156","Lemme At'em Royal Authority Erichthonios 7042 (+69%)",""
"03:00.270","Lemme At'em prepares  attack  on Erichthonios 1540 (Direct Hit)",""
"03:00.805","Lemme At'em attack Erichthonios 1540 (Direct Hit)",""
"03:00.984","Lemme At'em prepares  Atonement  on Erichthonios *15042* (Direct Hit)",""
"03:01.207","Lemme At'em Blade of Valor Erichthonios Tick  1789 (T: 1417, C: 24.2%, D: 19.2%, P/R: 18.36, G: 1468.46, M: 1, S: 1697)",""
"03:02.275","Lemme At'em Atonement Erichthonios *15042* (Direct Hit)",""
"03:02.541","Lemme At'em prepares  attack  on Erichthonios 1222",""
"03:03.077","Lemme At'em attack Erichthonios 1222",""
"03:03.388","Lemme At'em prepares  Atonement  on Erichthonios *11881*",""
"03:04.188","Lemme At'em Blade of Valor Erichthonios Tick  1802 (T: 1417, C: 24.2%, D: 19.2%, P/R: 18.36, G: 1468.46, M: 1, S: 1697)",""
"03:04.678","Lemme At'em Atonement Erichthonios *11881*",""
"03:04.811","Lemme At'em prepares  attack  on Erichthonios *1856*",""
"03:05.346","Lemme At'em attack Erichthonios *1856*",""
"03:05.792","Lemme At'em prepares  Fast Blade  on Erichthonios 3462",""
"03:06.416","Lemme At'em Fast Blade Erichthonios 3462",""
"03:07.084","Lemme At'em prepares  attack  on Erichthonios 1189",""
"03:07.217","Lemme At'em Blade of Valor Erichthonios Tick  1609 (T: 1417, C: 24.2%, D: 19.2%, P/R: 18.36, G: 1468.46, M: 1, S: 1697)",""
"03:07.617","Lemme At'em attack Erichthonios 1189",""
"03:08.376","Lemme At'em prepares  Riot Blade  on Erichthonios 7947 (Direct Hit) (+43%)+25% damage",""
"03:08.957","Lemme At'em prepares  Circle of Scorn  on Erichthonios 2242+25% damage",""
"03:09.134","Lemme At'em Riot Blade Erichthonios 7947 (Direct Hit) (+43%)",""
"03:09.356","Lemme At'em prepares  attack  on Erichthonios 1501+25% damage",""
"03:09.622","Lemme At'em prepares  Intervene  on Erichthonios *5218*+25% damage",""
"03:09.891","Lemme At'em attack Erichthonios 1501",""
"03:09.979","Lemme At'em Circle of Scorn Erichthonios 2242",""
"03:10.203","Lemme At'em Intervene Erichthonios *5218*",""
"03:10.203","Lemme At'em Blade of Valor Erichthonios Tick  1701 (T: 1417, C: 24.2%, D: 19.2%, P/R: 18.36, G: 1468.46, M: 1, S: 1697)",""
"03:10.203","Lemme At'em Circle of Scorn Erichthonios Tick  793 (T: 661, C: 24.2%, D: 19.2%, P/R: 18.36, G: 688.34, M: 1.25, S: 791)+25% damage",""
"03:10.781","Lemme At'em prepares  Goring Blade  on Erichthonios *8701* (+60%)+25% damage",""
"03:11.314","Lemme At'em Goring Blade Erichthonios *8701* (+60%)",""
"03:11.625","Lemme At'em prepares  attack  on Erichthonios 1465+25% damage",""
"03:11.848","Lemme At'em prepares  Expiacion  on Erichthonios *14205* (Direct Hit)+25% damage",""
"03:12.161","Lemme At'em attack Erichthonios 1465",""
"03:12.204","Lemme At'em Expiacion Erichthonios *14205* (Direct Hit)",""
"03:12.695","Lemme At'em prepares  Intervene  on Erichthonios *5052*+25% damage",""
"03:13.183","Lemme At'em Circle of Scorn Erichthonios Tick  843 (T: 661, C: 24.2%, D: 19.2%, P/R: 18.36, G: 688.34, M: 1.25, S: 791)+25% damage",""
"03:13.183","Lemme At'em Goring Blade Erichthonios Tick  1834 (T: 1438, C: 24.2%, D: 19.2%, P/R: 18.36, G: 1491.41, M: 1.25, S: 1722)+25% damage",""
"03:13.272","Lemme At'em Intervene Erichthonios *5052*",""
"03:13.361","Lemme At'em prepares  Fast Blade  on Erichthonios 4427+25% damage",""
"03:13.893","Lemme At'em prepares  attack  on Erichthonios 1805 (Direct Hit)+25% damage",""
"03:13.982","Lemme At'em Fast Blade Erichthonios 4427",""
"03:14.426","Lemme At'em attack Erichthonios 1805 (Direct Hit)",""
"03:15.809","Lemme At'em prepares  Riot Blade  on Erichthonios 6282 (+43%)+25% damage",""
"03:16.165","Lemme At'em prepares  attack  on Erichthonios 1541+25% damage",""
"03:16.209","Lemme At'em Circle of Scorn Erichthonios Tick  813 (T: 661, C: 24.2%, D: 19.2%, P/R: 18.36, G: 688.34, M: 1.25, S: 791)+25% damage",""
"03:16.209","Lemme At'em Goring Blade Erichthonios Tick  1769 (T: 1438, C: 24.2%, D: 19.2%, P/R: 18.36, G: 1491.41, M: 1.25, S: 1722)+25% damage",""
"03:16.565","Lemme At'em Riot Blade Erichthonios 6282 (+43%)",""
"03:16.699","Lemme At'em attack Erichthonios 1541",""
"03:17.590","Lemme At'em prepares  Requiescat  on Erichthonios 6632",""
"03:18.213","Lemme At'em Requiescat Erichthonios 6632",""
"03:18.213","Lemme At'em prepares  Royal Authority  on Erichthonios 8971 (+69%)+25% damage",""
"03:18.436","Lemme At'em prepares  attack  on Erichthonios 1470+25% damage",""
"03:18.791","Lemme At'em Royal Authority Erichthonios 8971 (+69%)",""
"03:18.969","Lemme At'em attack Erichthonios 1470",""
"03:19.192","Lemme At'em Circle of Scorn Erichthonios Tick  654 (T: 661, C: 24.2%, D: 19.2%, P/R: 18.36, G: 688.34, M: 1.25, S: 791)+25% damage",""
"03:19.192","Lemme At'em Goring Blade Erichthonios Tick  1424 (T: 1438, C: 24.2%, D: 19.2%, P/R: 18.36, G: 1491.41, M: 1.25, S: 1722)+25% damage",""
"03:20.663","Lemme At'em prepares  Atonement  on Erichthonios *14195*+25% damage",""
"03:20.706","Lemme At'em prepares  attack  on Erichthonios 1792 (Direct Hit)+25% damage",""
"03:21.240","Lemme At'em attack Erichthonios 1792 (Direct Hit)",""
"03:21.957","Lemme At'em Atonement Erichthonios *14195*",""
"03:22.178","Lemme At'em Circle of Scorn Erichthonios Tick  705 (T: 661, C: 24.2%, D: 19.2%, P/R: 18.36, G: 688.34, M: 1.25, S: 791)+25% damage",""
"03:22.178","Lemme At'em Goring Blade Erichthonios Tick  1533 (T: 1438, C: 24.2%, D: 19.2%, P/R: 18.36, G: 1491.41, M: 1.25, S: 1722)+25% damage",""
"03:22.979","Lemme At'em prepares  attack  on Erichthonios 1518+25% damage",""
"03:23.113","Lemme At'em prepares  Atonement  on Erichthonios *14886*+25% damage",""
"03:23.514","Lemme At'em attack Erichthonios 1518",""
"03:24.404","Lemme At'em Atonement Erichthonios *14886*",""
"03:25.206","Lemme At'em Goring Blade Erichthonios Tick  1824 (T: 1438, C: 24.2%, D: 19.2%, P/R: 18.36, G: 1491.41, M: 1.25, S: 1722)+25% damage",""
"03:25.250","Lemme At'em prepares  attack  on Erichthonios 1530+25% damage",""
"03:25.518","Lemme At'em prepares  Atonement  on Erichthonios 8786+25% damage",""
"03:25.784","Lemme At'em attack Erichthonios 1530",""
"03:26.810","Lemme At'em Atonement Erichthonios 8786",""
"03:27.524","Lemme At'em prepares  attack  on Erichthonios 1525+25% damage",""
"03:27.925","Lemme At'em prepares  Fast Blade  on Erichthonios *7061*+25% damage",""
"03:28.058","Lemme At'em attack Erichthonios 1525",""
"03:28.192","Lemme At'em Goring Blade Erichthonios Tick  1772 (T: 1438, C: 24.2%, D: 19.2%, P/R: 18.36, G: 1491.41, M: 1.25, S: 1722)+25% damage",""
"03:28.548","Lemme At'em Fast Blade Erichthonios *7061*",""
"03:29.795","Lemme At'em prepares  attack  on Erichthonios 1527+25% damage",""
"03:30.329","Lemme At'em attack Erichthonios 1527",""
"03:30.374","Lemme At'em prepares  Riot Blade  on Erichthonios 6345 (+43%)+25% damage",""
"03:31.131","Lemme At'em Riot Blade Erichthonios 6345 (+43%)",""
"03:31.220","Lemme At'em Goring Blade Erichthonios Tick  1560 (T: 1438, C: 24.2%, D: 19.2%, P/R: 18.36, G: 1491.41, M: 1.25, S: 1722)+25% damage",""
"03:32.065","Lemme At'em prepares  attack  on Erichthonios 1490+25% damage",""
"03:32.600","Lemme At'em attack Erichthonios 1490",""
"03:32.823","Lemme At'em prepares  Goring Blade  on Erichthonios *8383* (+60%)+25% damage",""
"03:33.357","Lemme At'em Goring Blade Erichthonios *8383* (+60%)",""
"03:34.202","Lemme At'em Goring Blade Erichthonios Tick  1555 (T: 1438, C: 24.2%, D: 19.2%, P/R: 18.36, G: 1491.41, M: 1.25, S: 1722)+25% damage",""
"03:34.336","Lemme At'em prepares  attack  on Erichthonios *1830*",""
"03:34.870","Lemme At'em attack Erichthonios *1830*",""
"03:35.225","Lemme At'em prepares  Holy Spirit  on Erichthonios 9525",""
"03:35.983","Lemme At'em Holy Spirit Erichthonios 9525",""
"03:36.608","Lemme At'em prepares  attack  on Erichthonios 1239",""
"03:37.142","Lemme At'em attack Erichthonios 1239",""
"03:37.185","Lemme At'em Goring Blade Erichthonios Tick  1681 (T: 1438, C: 24.2%, D: 19.2%, P/R: 18.36, G: 1491.41, M: 1.25, S: 1722)+25% damage",""
"03:37.720","Lemme At'em prepares  Holy Spirit  on Erichthonios 9064",""
"03:38.476","Lemme At'em Holy Spirit Erichthonios 9064",""
"03:38.877","Lemme At'em prepares  attack  on Erichthonios *1830*",""
"03:38.966","Lemme At'em prepares  Circle of Scorn  on Erichthonios 1682",""
"03:39.411","Lemme At'em attack Erichthonios *1830*",""
"03:39.990","Lemme At'em Circle of Scorn Erichthonios 1682",""
"03:40.213","Lemme At'em Goring Blade Erichthonios Tick  1561 (T: 1438, C: 24.2%, D: 19.2%, P/R: 18.36, G: 1491.41, M: 1.25, S: 1722)+25% damage",""
"03:40.213","Lemme At'em Circle of Scorn Erichthonios Tick  574 (T: 529, C: 24.2%, D: 19.2%, P/R: 18.36, G: 550.67, M: 1, S: 633)",""
"03:40.213","Lemme At'em prepares  Holy Spirit  on Erichthonios 9016",""
"03:40.968","Lemme At'em Holy Spirit Erichthonios 9016",""
"03:41.146","Lemme At'em prepares  attack  on Erichthonios 1197",""
"03:41.679","Lemme At'em attack Erichthonios 1197",""
"03:42.701","Lemme At'em prepares  Holy Spirit  on Erichthonios *14039*",""
"03:43.191","Lemme At'em Goring Blade Erichthonios Tick  2028 (T: 1438, C: 24.2%, D: 19.2%, P/R: 18.36, G: 1491.41, M: 1.25, S: 1722)+25% damage",""
"03:43.191","Lemme At'em Circle of Scorn Erichthonios Tick  745 (T: 529, C: 24.2%, D: 19.2%, P/R: 18.36, G: 550.67, M: 1, S: 633)",""
"03:43.369","Lemme At'em prepares  Expiacion  on Erichthonios 5769",""
"03:43.413","Lemme At'em prepares  attack  on Erichthonios 1150",""
"03:43.457","Lemme At'em Holy Spirit Erichthonios *14039*",""
"03:43.767","Lemme At'em Expiacion Erichthonios 5769",""
"03:43.945","Lemme At'em attack Erichthonios 1150",""
"03:45.235","Lemme At'em prepares  Confiteor  on Erichthonios 19719 (Direct Hit)",""
"03:45.679","Lemme At'em prepares  attack  on Erichthonios 1170",""
"03:45.856","Lemme At'em Confiteor Erichthonios 19719 (Direct Hit)",""
"03:46.211","Lemme At'em attack Erichthonios 1170",""
"03:46.211","Lemme At'em Goring Blade Erichthonios Tick  1829 (T: 1438, C: 24.2%, D: 19.2%, P/R: 18.36, G: 1491.41, M: 1.25, S: 1722)+25% damage",""
"03:46.211","Lemme At'em Circle of Scorn Erichthonios Tick  673 (T: 529, C: 24.2%, D: 19.2%, P/R: 18.36, G: 550.67, M: 1, S: 633)",""
"03:47.723","Lemme At'em prepares  Blade of Faith  on Erichthonios 7174",""
"03:47.945","Lemme At'em prepares  attack  on Erichthonios 1207",""
"03:48.346","Lemme At'em Blade of Faith Erichthonios 7174",""
"03:48.480","Lemme At'em attack Erichthonios 1207",""
"03:49.191","Lemme At'em Goring Blade Erichthonios Tick  1878 (T: 1438, C: 24.2%, D: 19.2%, P/R: 18.36, G: 1491.41, M: 1.25, S: 1722)+25% damage",""
"03:49.191","Lemme At'em Circle of Scorn Erichthonios Tick  691 (T: 529, C: 24.2%, D: 19.2%, P/R: 18.36, G: 550.67, M: 1, S: 633)",""
"03:50.213","Lemme At'em prepares  Blade of Truth  on Erichthonios *13649*",""
"03:50.213","Lemme At'em prepares  attack  on Erichthonios 1203",""
"03:50.746","Lemme At'em attack Erichthonios 1203",""
"03:51.102","Lemme At'em Blade of Truth Erichthonios *13649*",""
"03:52.216","Lemme At'em Goring Blade Erichthonios Tick  1743 (T: 1438, C: 24.2%, D: 19.2%, P/R: 18.36, G: 1491.41, M: 1.25, S: 1722)+25% damage",""
"03:52.216","Lemme At'em Circle of Scorn Erichthonios Tick  641 (T: 529, C: 24.2%, D: 19.2%, P/R: 18.36, G: 550.67, M: 1, S: 633)",""
"03:52.483","Lemme At'em prepares  attack  on Erichthonios 1159",""
"03:52.705","Lemme At'em prepares  Blade of Valor  on Erichthonios *15461*",""
"03:53.014","Lemme At'em attack Erichthonios 1159",""
"03:53.637","Lemme At'em Blade of Valor Erichthonios *15461*",""
"03:54.750","Lemme At'em prepares  attack  on Erichthonios 1199",""
"03:55.195","Lemme At'em Blade of Valor Erichthonios Tick  1849 (T: 1417, C: 24.2%, D: 19.2%, P/R: 18.36, G: 1468.46, M: 1, S: 1697)",""
"03:55.285","Lemme At'em attack Erichthonios 1199",""
"03:55.285","Lemme At'em prepares  Fast Blade  on Erichthonios 3554",""
"03:55.907","Lemme At'em Fast Blade Erichthonios 3554",""
"03:57.019","Lemme At'em prepares  attack  on Erichthonios *1873*",""
"03:57.552","Lemme At'em attack Erichthonios *1873*",""
"03:57.686","Lemme At'em prepares  Riot Blade  on Erichthonios *8055* (+43%)",""
"03:58.219","Lemme At'em Blade of Valor Erichthonios Tick  1631 (T: 1417, C: 24.2%, D: 19.2%, P/R: 18.36, G: 1468.46, M: 1, S: 1697)",""
"03:58.441","Lemme At'em Riot Blade Erichthonios *8055* (+43%)",""
"03:59.284","Lemme At'em prepares  attack  on Erichthonios 1517 (Direct Hit)",""
"03:59.819","Lemme At'em attack Erichthonios 1517 (Direct Hit)",""
"04:00.086","Lemme At'em prepares  Royal Authority  on Erichthonios 7022 (+69%)",""
"04:00.665","Lemme At'em Royal Authority Erichthonios 7022 (+69%)",""
"04:01.198","Lemme At'em Blade of Valor Erichthonios Tick  1535 (T: 1417, C: 24.2%, D: 19.2%, P/R: 18.36, G: 1468.46, M: 1, S: 1697)",""
"04:01.554","Lemme At'em prepares  attack  on Erichthonios *1871*",""
"04:02.088","Lemme At'em attack Erichthonios *1871*",""
"04:02.489","Lemme At'em prepares  Atonement  on Erichthonios 9046 (Direct Hit)",""
"04:03.778","Lemme At'em Atonement Erichthonios 9046 (Direct Hit)",""
"04:03.823","Lemme At'em prepares  attack  on Erichthonios *2341* (Direct Hit)",""
"04:04.180","Lemme At'em Blade of Valor Erichthonios Tick  1456 (T: 1417, C: 24.2%, D: 19.2%, P/R: 18.36, G: 1468.46, M: 1, S: 1697)",""
"04:04.358","Lemme At'em attack Erichthonios *2341* (Direct Hit)",""
"04:04.934","Lemme At'em prepares  Atonement  on Erichthonios *11517*",""
"04:06.089","Lemme At'em prepares  attack  on Erichthonios 1169",""
"04:06.268","Lemme At'em Atonement Erichthonios *11517*",""
"04:06.624","Lemme At'em attack Erichthonios 1169",""
"04:07.202","Lemme At'em Blade of Valor Erichthonios Tick  1592 (T: 1417, C: 24.2%, D: 19.2%, P/R: 18.36, G: 1468.46, M: 1, S: 1697)",""
"04:07.336","Lemme At'em prepares  Fast Blade  on Erichthonios 3439",""
"04:07.959","Lemme At'em Fast Blade Erichthonios 3439",""
"04:08.359","Lemme At'em prepares  attack  on Erichthonios *1961*",""
"04:08.893","Lemme At'em attack Erichthonios *1961*",""
"04:09.782","Lemme At'em prepares  Riot Blade  on Erichthonios 6919 (+43%)+31% damage",""
"04:10.181","Lemme At'em Blade of Valor Erichthonios Tick  1683 (T: 1417, C: 24.2%, D: 19.2%, P/R: 18.36, G: 1468.46, M: 1, S: 1697)",""
"04:10.359","Lemme At'em prepares  Circle of Scorn  on Erichthonios 2326+38% damage",""