Fast Blade,Fast_Blade.png
Riot Blade,Riot_Blade.png
Goring Blade,Goring_Blade.png
Royal Authority,Royal_Authority.png
Atonement,Attonement.png
Holy Spirit,Holy_Spirit.png
Confiteor,Confiteor.png
Blade of Faith,Blade_of_Faith.png
Blade of Truth,Blade_of_Truth.png
Blade of Valor,Blade_of_Valor.png
Fight or Flight,Flight_or_Fight.png
Circle of Scorn,Circle_of_Scorn.png
Expiacion,Expiacion.png
Medicated,Pot.png
Requiescat,Requiescat.png
Intervene,Intervene.png
Holy Sheltron,Holy_Sheltron.png
Reprisal,Reprisal.png
Divine Veil,Divine_Veil.png
Sentinel,Sentinel.png
Shirk,Shirk.png
Sprint,Sprint.png
Rampart,Rampart.png