Time,Event
00:00.045,Lemme At'em prepares  Holy Spirit  on Erichthonios *7730*
00:00.801,Lemme At'em Holy Spirit Erichthonios *7730*
00:01.958,Lemme At'em prepares  Fast Blade  on Erichthonios *5364*
00:02.137,Lemme At'em prepares  attack  on Erichthonios 1231
00:02.583,Lemme At'em Fast Blade Erichthonios *5364*
00:02.672,Lemme At'em attack Erichthonios 1231
00:04.408,Lemme At'em prepares  Riot Blade  on Erichthonios *10035* (+43%)+25% damage
00:04.408,Lemme At'em prepares  attack  on Erichthonios 1527+25% damage
00:04.942,Lemme At'em attack Erichthonios 1527
00:05.076,Lemme At'em prepares  Circle of Scorn  on Erichthonios 2191+25% damage
00:05.165,Lemme At'em Riot Blade Erichthonios *10035* (+43%)
00:06.102,Lemme At'em Circle of Scorn Erichthonios 2191
00:06.678,Lemme At'em prepares  attack  on Erichthonios 1846 (Direct Hit)+25% damage
00:06.856,Lemme At'em prepares  Goring Blade  on Erichthonios 5245 (+60%)+25% damage
00:07.213,Lemme At'em attack Erichthonios 1846 (Direct Hit)
00:07.213,"Lemme At'em Circle of Scorn Erichthonios Tick  725 (T: 661, C: 24.2%, D: 19.2%, P/R: 18.36, G: 688.34, M: 1.25, S: 791)+25% damage"
00:07.391,Lemme At'em Goring Blade Erichthonios 5245 (+60%)
00:08.950,Lemme At'em prepares  attack  on Erichthonios 1716+45% damage
00:09.261,Lemme At'em prepares  Fast Blade  on Erichthonios 6486 (Direct Hit)+53% damage
00:09.482,Lemme At'em attack Erichthonios 1716
00:09.883,Lemme At'em Fast Blade Erichthonios 6486 (Direct Hit)
00:09.927,Lemme At'em prepares  Expiacion  on Erichthonios 8923+53% damage
00:10.195,"Lemme At'em Circle of Scorn Erichthonios Tick  840 (T: 661, C: 24.2%, D: 19.2%, P/R: 18.36, G: 688.34, M: 1.25, S: 791)+25% damage"
00:10.195,"Lemme At'em Goring Blade Erichthonios Tick  1827 (T: 1438, C: 24.2%, D: 19.2%, P/R: 18.36, G: 1491.41, M: 1.25, S: 1722)+25% damage"
00:10.283,Lemme At'em Expiacion Erichthonios 8923
00:10.551,Lemme At'em prepares  Intervene  on Erichthonios *6245*+53% damage
00:11.130,Lemme At'em Intervene Erichthonios *6245*
00:11.218,Lemme At'em prepares  attack  on Erichthonios 2215 (Direct Hit)+53% damage
00:11.664,Lemme At'em prepares  Riot Blade  on Erichthonios 8104 (+43%)+53% damage
00:11.753,Lemme At'em attack Erichthonios 2215 (Direct Hit)
00:12.289,Lemme At'em prepares  Requiescat  on Erichthonios 9023+23% damage
00:12.423,Lemme At'em Riot Blade Erichthonios 8104 (+43%)
00:12.914,Lemme At'em Requiescat Erichthonios 9023
00:13.182,"Lemme At'em Circle of Scorn Erichthonios Tick  786 (T: 661, C: 24.2%, D: 19.2%, P/R: 18.36, G: 688.34, M: 1.25, S: 791)+25% damage"
00:13.182,"Lemme At'em Goring Blade Erichthonios Tick  1708 (T: 1438, C: 24.2%, D: 19.2%, P/R: 18.36, G: 1491.41, M: 1.25, S: 1722)+25% damage"
00:13.493,Lemme At'em prepares  attack  on Erichthonios 1772+53% damage
00:14.029,Lemme At'em attack Erichthonios 1772
00:14.072,Lemme At'em prepares  Royal Authority  on Erichthonios 11881 (+69%)+53% damage
00:14.651,Lemme At'em Royal Authority Erichthonios 11881 (+69%)
00:14.740,Lemme At'em prepares  Intervene  on Erichthonios *6153*+53% damage
00:15.320,Lemme At'em Intervene Erichthonios *6153*
00:15.766,Lemme At'em prepares  attack  on Erichthonios *3752* (Direct Hit)+53% damage
00:16.211,"Lemme At'em Circle of Scorn Erichthonios Tick  782 (T: 661, C: 24.2%, D: 19.2%, P/R: 18.36, G: 688.34, M: 1.25, S: 791)+25% damage"
00:16.211,"Lemme At'em Goring Blade Erichthonios Tick  1701 (T: 1438, C: 24.2%, D: 19.2%, P/R: 18.36, G: 1491.41, M: 1.25, S: 1722)+25% damage"
00:16.298,Lemme At'em attack Erichthonios *3752* (Direct Hit)
00:16.565,Lemme At'em prepares  Atonement  on Erichthonios 11349+53% damage
00:17.855,Lemme At'em Atonement Erichthonios 11349
00:18.034,Lemme At'em prepares  attack  on Erichthonios 1919+53% damage
00:18.569,Lemme At'em attack Erichthonios 1919
00:18.970,Lemme At'em prepares  Atonement  on Erichthonios 11569+53% damage
00:19.193,"Lemme At'em Circle of Scorn Erichthonios Tick  752 (T: 661, C: 24.2%, D: 19.2%, P/R: 18.36, G: 688.34, M: 1.25, S: 791)+25% damage"
00:19.193,"Lemme At'em Goring Blade Erichthonios Tick  1635 (T: 1438, C: 24.2%, D: 19.2%, P/R: 18.36, G: 1491.41, M: 1.25, S: 1722)+25% damage"
00:20.261,Lemme At'em Atonement Erichthonios 11569
00:20.305,Lemme At'em prepares  attack  on Erichthonios 2338 (Direct Hit)+53% damage
00:20.841,Lemme At'em attack Erichthonios 2338 (Direct Hit)
00:21.376,Lemme At'em prepares  Atonement  on Erichthonios 11653+53% damage
00:22.178,"Lemme At'em Goring Blade Erichthonios Tick  1471 (T: 1438, C: 24.2%, D: 19.2%, P/R: 18.36, G: 1491.41, M: 1.25, S: 1722)+25% damage"
00:22.579,Lemme At'em prepares  attack  on Erichthonios *2823*+46% damage
00:22.668,Lemme At'em Atonement Erichthonios 11653
00:23.113,Lemme At'em attack Erichthonios *2823*
00:23.783,Lemme At'em prepares  Fast Blade  on Erichthonios *8536*+46% damage
00:24.405,Lemme At'em Fast Blade Erichthonios *8536*
00:24.850,Lemme At'em prepares  attack  on Erichthonios *2626*+38% damage
00:25.206,"Lemme At'em Goring Blade Erichthonios Tick  1771 (T: 1438, C: 24.2%, D: 19.2%, P/R: 18.36, G: 1491.41, M: 1.25, S: 1722)+25% damage"
00:25.383,Lemme At'em attack Erichthonios *2626*
00:26.273,Lemme At'em prepares  Riot Blade  on Erichthonios 7315 (+43%)+38% damage
00:27.029,Lemme At'em Riot Blade Erichthonios 7315 (+43%)
00:27.118,Lemme At'em prepares  attack  on Erichthonios 1748+38% damage
00:27.654,Lemme At'em attack Erichthonios 1748
00:28.189,"Lemme At'em Goring Blade Erichthonios Tick  1539 (T: 1438, C: 24.2%, D: 19.2%, P/R: 18.36, G: 1491.41, M: 1.25, S: 1722)+25% damage"
00:28.678,Lemme At'em prepares  Goring Blade  on Erichthonios 6306 (+60%)+38% damage
00:29.212,Lemme At'em Goring Blade Erichthonios 6306 (+60%)
00:29.391,Lemme At'em prepares  attack  on Erichthonios 1242+5% damage
00:29.925,Lemme At'em attack Erichthonios 1242
00:31.086,Lemme At'em prepares  Holy Spirit  on Erichthonios 9785+5% damage
00:31.175,"Lemme At'em Goring Blade Erichthonios Tick  1818 (T: 1625, C: 24.2%, D: 19.2%, P/R: 18.36, G: 1646.51, M: 1.38, S: 1947)+38% damage"
00:31.664,Lemme At'em prepares  attack  on Erichthonios 1284+5% damage
00:31.843,Lemme At'em Holy Spirit Erichthonios 9785
00:32.200,Lemme At'em attack Erichthonios 1284
00:33.584,Lemme At'em prepares  Holy Spirit  on Erichthonios 10484+5% damage
00:33.938,Lemme At'em prepares  attack  on Erichthonios *2129*+5% damage
00:34.206,"Lemme At'em Goring Blade Erichthonios Tick  2089 (T: 1625, C: 24.2%, D: 19.2%, P/R: 18.36, G: 1646.51, M: 1.38, S: 1947)+38% damage"
00:34.339,Lemme At'em Holy Spirit Erichthonios 10484
00:34.474,Lemme At'em attack Erichthonios *2129*
00:35.055,Lemme At'em prepares  Circle of Scorn  on Erichthonios 1845+5% damage
00:36.078,Lemme At'em Circle of Scorn Erichthonios 1845
00:36.078,Lemme At'em prepares  Holy Spirit  on Erichthonios *15592*+5% damage
00:36.212,Lemme At'em prepares  attack  on Erichthonios 1281+5% damage
00:36.747,Lemme At'em attack Erichthonios 1281
00:36.836,Lemme At'em Holy Spirit Erichthonios *15592*
00:37.194,"Lemme At'em Goring Blade Erichthonios Tick  1664 (T: 1625, C: 24.2%, D: 19.2%, P/R: 18.36, G: 1646.51, M: 1.38, S: 1947)+38% damage"
00:37.194,"Lemme At'em Circle of Scorn Erichthonios Tick  585 (T: 571, C: 24.2%, D: 19.2%, P/R: 18.36, G: 578.21, M: 1.05, S: 684)+5% damage"
00:38.487,Lemme At'em prepares  attack  on Erichthonios *2059*+5% damage
00:38.578,Lemme At'em prepares  Holy Spirit  on Erichthonios *16190*+5% damage
00:39.023,Lemme At'em attack Erichthonios *2059*
00:39.337,Lemme At'em Holy Spirit Erichthonios *16190*
00:39.919,Lemme At'em prepares  Expiacion  on Erichthonios *8959*
00:40.185,"Lemme At'em Goring Blade Erichthonios Tick  2087 (T: 1625, C: 24.2%, D: 19.2%, P/R: 18.36, G: 1646.51, M: 1.38, S: 1947)+38% damage"
00:40.185,"Lemme At'em Circle of Scorn Erichthonios Tick  732 (T: 571, C: 24.2%, D: 19.2%, P/R: 18.36, G: 578.21, M: 1.05, S: 684)+5% damage"
00:40.318,Lemme At'em Expiacion Erichthonios *8959*
00:40.761,Lemme At'em prepares  attack  on Erichthonios 1215
00:41.074,Lemme At'em prepares  Confiteor  on Erichthonios *24704*
00:41.296,Lemme At'em attack Erichthonios 1215
00:41.696,Lemme At'em Confiteor Erichthonios *24704*
00:43.030,Lemme At'em prepares  attack  on Erichthonios 1500 (Direct Hit)
00:43.208,"Lemme At'em Goring Blade Erichthonios Tick  2043 (T: 1625, C: 24.2%, D: 19.2%, P/R: 18.36, G: 1646.51, M: 1.38, S: 1947)+38% damage"
00:43.208,"Lemme At'em Circle of Scorn Erichthonios Tick  718 (T: 571, C: 24.2%, D: 19.2%, P/R: 18.36, G: 578.21, M: 1.05, S: 684)+5% damage"
00:43.565,Lemme At'em attack Erichthonios 1500 (Direct Hit)
00:43.610,Lemme At'em prepares  Blade of Faith  on Erichthonios 7124
00:44.231,Lemme At'em Blade of Faith Erichthonios 7124
00:45.298,Lemme At'em prepares  attack  on Erichthonios *1945*
00:45.834,Lemme At'em attack Erichthonios *1945*
00:46.101,Lemme At'em prepares  Blade of Truth  on Erichthonios *13422*
00:46.190,"Lemme At'em Goring Blade Erichthonios Tick  1872 (T: 1625, C: 24.2%, D: 19.2%, P/R: 18.36, G: 1646.51, M: 1.38, S: 1947)+38% damage"
00:46.190,"Lemme At'em Circle of Scorn Erichthonios Tick  658 (T: 571, C: 24.2%, D: 19.2%, P/R: 18.36, G: 578.21, M: 1.05, S: 684)+5% damage"
00:46.989,Lemme At'em Blade of Truth Erichthonios *13422*
00:47.567,Lemme At'em prepares  attack  on Erichthonios *1905*
00:48.103,Lemme At'em attack Erichthonios *1905*
00:48.637,Lemme At'em prepares  Blade of Valor  on Erichthonios 12923 (Direct Hit)
00:49.218,"Lemme At'em Goring Blade Erichthonios Tick  2180 (T: 1625, C: 24.2%, D: 19.2%, P/R: 18.36, G: 1646.51, M: 1.38, S: 1947)+38% damage"
00:49.218,"Lemme At'em Circle of Scorn Erichthonios Tick  766 (T: 571, C: 24.2%, D: 19.2%, P/R: 18.36, G: 578.21, M: 1.05, S: 684)+5% damage"
00:49.532,Lemme At'em Blade of Valor Erichthonios 12923 (Direct Hit)
00:49.842,Lemme At'em prepares  attack  on Erichthonios 1218
00:50.375,Lemme At'em attack Erichthonios 1218
00:51.129,Lemme At'em prepares  Fast Blade  on Erichthonios 3489
00:51.753,Lemme At'em Fast Blade Erichthonios 3489
00:52.197,"Lemme At'em Blade of Valor Erichthonios Tick  1819 (T: 1417, C: 24.2%, D: 19.2%, P/R: 18.36, G: 1468.46, M: 1, S: 1697)"
00:53.129,Lemme At'em prepares  attack  on Erichthonios *1857*
00:53.531,Lemme At'em prepares  Riot Blade  on Erichthonios 4948 (+43%)
00:53.664,Lemme At'em attack Erichthonios *1857*
00:54.287,Lemme At'em Riot Blade Erichthonios 4948 (+43%)
00:55.178,"Lemme At'em Blade of Valor Erichthonios Tick  1942 (T: 1417, C: 24.2%, D: 19.2%, P/R: 18.36, G: 1468.46, M: 1, S: 1697)"
00:55.401,Lemme At'em prepares  attack  on Erichthonios 1197
00:55.935,Lemme At'em attack Erichthonios 1197
00:55.935,Lemme At'em prepares  Royal Authority  on Erichthonios 7476 (+69%)
00:56.513,Lemme At'em Royal Authority Erichthonios 7476 (+69%)
00:57.669,Lemme At'em prepares  attack  on Erichthonios *2403* (Direct Hit)
00:58.203,Lemme At'em attack Erichthonios *2403* (Direct Hit)
00:58.203,"Lemme At'em Blade of Valor Erichthonios Tick  1859 (T: 1417, C: 24.2%, D: 19.2%, P/R: 18.36, G: 1468.46, M: 1, S: 1697)"
00:58.380,Lemme At'em prepares  Atonement  on Erichthonios *11431*
00:59.672,Lemme At'em Atonement Erichthonios *11431*
00:59.939,Lemme At'em prepares  attack  on Erichthonios 1192
01:00.472,Lemme At'em attack Erichthonios 1192
01:00.783,Lemme At'em prepares  Atonement  on Erichthonios 7338
01:01.184,"Lemme At'em Blade of Valor Erichthonios Tick  2096 (T: 1417, C: 24.2%, D: 19.2%, P/R: 18.36, G: 1468.46, M: 1, S: 1697)"
01:02.074,Lemme At'em Atonement Erichthonios 7338
01:02.207,Lemme At'em prepares  attack  on Erichthonios 1432 (Direct Hit)
01:02.742,Lemme At'em attack Erichthonios 1432 (Direct Hit)
01:03.230,Lemme At'em prepares  Fast Blade  on Erichthonios 4140 (Direct Hit)
01:03.854,Lemme At'em Fast Blade Erichthonios 4140 (Direct Hit)
01:04.211,"Lemme At'em Blade of Valor Erichthonios Tick  1536 (T: 1417, C: 24.2%, D: 19.2%, P/R: 18.36, G: 1468.46, M: 1, S: 1697)"
01:04.477,Lemme At'em prepares  attack  on Erichthonios 1138
01:05.009,Lemme At'em attack Erichthonios 1138
01:05.630,Lemme At'em prepares  Riot Blade  on Erichthonios 8391 (Direct Hit) (+43%)+25% damage
01:06.298,Lemme At'em prepares  Circle of Scorn  on Erichthonios 2617 (Direct Hit)+25% damage
01:06.387,Lemme At'em Riot Blade Erichthonios 8391 (Direct Hit) (+43%)
01:06.744,Lemme At'em prepares  attack  on Erichthonios 1496+25% damage
01:07.190,"Lemme At'em Blade of Valor Erichthonios Tick  1825 (T: 1417, C: 24.2%, D: 19.2%, P/R: 18.36, G: 1468.46, M: 1, S: 1697)"
01:07.279,Lemme At'em attack Erichthonios 1496
01:07.323,Lemme At'em Circle of Scorn Erichthonios 2617 (Direct Hit)
01:08.079,Lemme At'em prepares  Goring Blade  on Erichthonios 5491 (+60%)+25% damage
01:08.611,Lemme At'em Goring Blade Erichthonios 5491 (+60%)
01:09.011,Lemme At'em prepares  attack  on Erichthonios 1881 (Direct Hit)+25% damage
01:09.322,Lemme At'em prepares  Intervene  on Erichthonios *5118*+25% damage
01:09.544,Lemme At'em attack Erichthonios 1881 (Direct Hit)
01:09.899,Lemme At'em Intervene Erichthonios *5118*
01:10.213,"Lemme At'em Circle of Scorn Erichthonios Tick  715 (T: 661, C: 24.2%, D: 19.2%, P/R: 18.36, G: 688.34, M: 1.25, S: 791)+25% damage"
01:10.213,"Lemme At'em Goring Blade Erichthonios Tick  1554 (T: 1438, C: 24.2%, D: 19.2%, P/R: 18.36, G: 1491.41, M: 1.25, S: 1722)+25% damage"
01:10.479,Lemme At'em prepares  Fast Blade  on Erichthonios 4242+25% damage
01:11.100,Lemme At'em Fast Blade Erichthonios 4242
01:11.189,Lemme At'em prepares  Expiacion  on Erichthonios 7672+25% damage
01:11.278,Lemme At'em prepares  attack  on Erichthonios 1425+25% damage
01:11.545,Lemme At'em Expiacion Erichthonios 7672
01:11.813,Lemme At'em attack Erichthonios 1425
01:12.926,Lemme At'em prepares  Riot Blade  on Erichthonios 6618 (+43%)+25% damage
01:13.193,"Lemme At'em Circle of Scorn Erichthonios Tick  766 (T: 661, C: 24.2%, D: 19.2%, P/R: 18.36, G: 688.34, M: 1.25, S: 791)+25% damage"
01:13.193,"Lemme At'em Goring Blade Erichthonios Tick  1666 (T: 1438, C: 24.2%, D: 19.2%, P/R: 18.36, G: 1491.41, M: 1.25, S: 1722)+25% damage"
01:13.549,Lemme At'em prepares  attack  on Erichthonios 1447+25% damage
01:13.683,Lemme At'em Riot Blade Erichthonios 6618 (+43%)
01:14.084,Lemme At'em attack Erichthonios 1447
01:14.530,Lemme At'em prepares  Requiescat  on Erichthonios 6971
01:15.154,Lemme At'em Requiescat Erichthonios 6971
01:15.332,Lemme At'em prepares  Royal Authority  on Erichthonios 9122 (+69%)+25% damage
01:15.821,Lemme At'em prepares  attack  on Erichthonios 1450+25% damage
01:15.910,Lemme At'em Royal Authority Erichthonios 9122 (+69%)
01:15.956,Lemme At'em prepares  Intervene  on Erichthonios 3112+25% damage
01:16.178,"Lemme At'em Circle of Scorn Erichthonios Tick  738 (T: 661, C: 24.2%, D: 19.2%, P/R: 18.36, G: 688.34, M: 1.25, S: 791)+25% damage"
01:16.178,"Lemme At'em Goring Blade Erichthonios Tick  1603 (T: 1438, C: 24.2%, D: 19.2%, P/R: 18.36, G: 1491.41, M: 1.25, S: 1722)+25% damage"
01:16.355,Lemme At'em attack Erichthonios 1450
01:16.532,Lemme At'em Intervene Erichthonios 3112
01:17.777,Lemme At'em prepares  Atonement  on Erichthonios 9441+25% damage
01:18.090,Lemme At'em prepares  attack  on Erichthonios 1478+25% damage
01:18.625,Lemme At'em attack Erichthonios 1478
01:19.070,Lemme At'em Atonement Erichthonios 9441
01:19.204,"Lemme At'em Circle of Scorn Erichthonios Tick  819 (T: 661, C: 24.2%, D: 19.2%, P/R: 18.36, G: 688.34, M: 1.25, S: 791)+25% damage"
01:19.204,"Lemme At'em Goring Blade Erichthonios Tick  1782 (T: 1438, C: 24.2%, D: 19.2%, P/R: 18.36, G: 1491.41, M: 1.25, S: 1722)+25% damage"
01:20.182,Lemme At'em prepares  Atonement  on Erichthonios 8643+25% damage
01:20.359,Lemme At'em prepares  attack  on Erichthonios 1503+25% damage
01:20.892,Lemme At'em attack Erichthonios 1503
01:21.470,Lemme At'em Atonement Erichthonios 8643
01:22.182,"Lemme At'em Circle of Scorn Erichthonios Tick  731 (T: 661, C: 24.2%, D: 19.2%, P/R: 18.36, G: 688.34, M: 1.25, S: 791)+25% damage"
01:22.182,"Lemme At'em Goring Blade Erichthonios Tick  1589 (T: 1438, C: 24.2%, D: 19.2%, P/R: 18.36, G: 1491.41, M: 1.25, S: 1722)+25% damage"
01:22.628,Lemme At'em prepares  attack  on Erichthonios 1440+25% damage
01:22.673,Lemme At'em prepares  Atonement  on Erichthonios *13951*+25% damage
01:23.162,Lemme At'em attack Erichthonios 1440
01:23.964,Lemme At'em Atonement Erichthonios *13951*
01:24.899,Lemme At'em prepares  attack  on Erichthonios 1538+25% damage
01:25.078,Lemme At'em prepares  Fast Blade  on Erichthonios 4296+25% damage
01:25.211,"Lemme At'em Goring Blade Erichthonios Tick  1444 (T: 1438, C: 24.2%, D: 19.2%, P/R: 18.36, G: 1491.41, M: 1.25, S: 1722)+25% damage"
01:25.432,Lemme At'em attack Erichthonios 1538
01:25.700,Lemme At'em Fast Blade Erichthonios 4296
01:27.169,Lemme At'em prepares  attack  on Erichthonios *2298*+25% damage
01:27.482,Lemme At'em prepares  Riot Blade  on Erichthonios *13420* (Direct Hit) (+43%)+25% damage
01:27.704,Lemme At'em attack Erichthonios *2298*
01:28.195,"Lemme At'em Goring Blade Erichthonios Tick  1723 (T: 1438, C: 24.2%, D: 19.2%, P/R: 18.36, G: 1491.41, M: 1.25, S: 1722)+25% damage"
01:28.239,Lemme At'em Riot Blade Erichthonios *13420* (Direct Hit) (+43%)
01:29.440,Lemme At'em prepares  attack  on Erichthonios 1551+25% damage
01:29.885,Lemme At'em prepares  Goring Blade  on Erichthonios *10663* (Direct Hit) (+60%)+25% damage
01:29.974,Lemme At'em attack Erichthonios 1551
01:30.419,Lemme At'em Goring Blade Erichthonios *10663* (Direct Hit) (+60%)
01:31.218,"Lemme At'em Goring Blade Erichthonios Tick  1702 (T: 1438, C: 24.2%, D: 19.2%, P/R: 18.36, G: 1491.41, M: 1.25, S: 1722)+25% damage"
01:31.706,Lemme At'em prepares  attack  on Erichthonios 1496 (Direct Hit)
01:32.241,Lemme At'em attack Erichthonios 1496 (Direct Hit)
01:32.374,Lemme At'em prepares  Holy Spirit  on Erichthonios 11578 (Direct Hit)
01:33.132,Lemme At'em Holy Spirit Erichthonios 11578 (Direct Hit)
01:33.978,Lemme At'em prepares  attack  on Erichthonios *1896*
01:34.200,"Lemme At'em Goring Blade Erichthonios Tick  1737 (T: 1438, C: 24.2%, D: 19.2%, P/R: 18.36, G: 1491.41, M: 1.25, S: 1722)+25% damage"
01:34.510,Lemme At'em attack Erichthonios *1896*
01:34.867,Lemme At'em prepares  Holy Spirit  on Erichthonios 9390
01:35.623,Lemme At'em Holy Spirit Erichthonios 9390
01:36.246,Lemme At'em prepares  attack  on Erichthonios 1232
01:36.335,Lemme At'em prepares  Circle of Scorn  on Erichthonios *2806*
01:36.780,Lemme At'em attack Erichthonios 1232
01:37.181,"Lemme At'em Goring Blade Erichthonios Tick  1779 (T: 1438, C: 24.2%, D: 19.2%, P/R: 18.36, G: 1491.41, M: 1.25, S: 1722)+25% damage"
01:37.359,Lemme At'em Circle of Scorn Erichthonios *2806*
01:37.359,Lemme At'em prepares  Holy Spirit  on Erichthonios 9576
01:38.117,Lemme At'em Holy Spirit Erichthonios 9576
01:38.516,Lemme At'em prepares  attack  on Erichthonios 1232
01:39.050,Lemme At'em attack Erichthonios 1232
01:39.851,Lemme At'em prepares  Holy Spirit  on Erichthonios *14604*
01:40.207,"Lemme At'em Goring Blade Erichthonios Tick  1633 (T: 1438, C: 24.2%, D: 19.2%, P/R: 18.36, G: 1491.41, M: 1.25, S: 1722)+25% damage"
01:40.207,"Lemme At'em Circle of Scorn Erichthonios Tick  601 (T: 529, C: 24.2%, D: 19.2%, P/R: 18.36, G: 550.67, M: 1, S: 633)"
01:40.607,Lemme At'em Holy Spirit Erichthonios *14604*
01:40.785,Lemme At'em prepares  attack  on Erichthonios 1240
01:41.186,Lemme At'em prepares  Expiacion  on Erichthonios *9514*
01:41.319,Lemme At'em attack Erichthonios 1240
01:41.541,Lemme At'em Expiacion Erichthonios *9514*
01:42.342,Lemme At'em prepares  Confiteor  on Erichthonios *29679* (Direct Hit)
01:42.965,Lemme At'em Confiteor Erichthonios *29679* (Direct Hit)
01:43.054,Lemme At'em prepares  attack  on Erichthonios *1884*
01:43.188,"Lemme At'em Goring Blade Erichthonios Tick  1568 (T: 1438, C: 24.2%, D: 19.2%, P/R: 18.36, G: 1491.41, M: 1.25, S: 1722)+25% damage"
01:43.188,"Lemme At'em Circle of Scorn Erichthonios Tick  576 (T: 529, C: 24.2%, D: 19.2%, P/R: 18.36, G: 550.67, M: 1, S: 633)"
01:43.588,Lemme At'em attack Erichthonios *1884*
01:44.881,Lemme At'em prepares  Blade of Faith  on Erichthonios 7326
01:45.326,Lemme At'em prepares  attack  on Erichthonios *2374* (Direct Hit)
01:45.504,Lemme At'em Blade of Faith Erichthonios 7326
01:45.861,Lemme At'em attack Erichthonios *2374* (Direct Hit)
01:46.219,"Lemme At'em Goring Blade Erichthonios Tick  1898 (T: 1438, C: 24.2%, D: 19.2%, P/R: 18.36, G: 1491.41, M: 1.25, S: 1722)+25% damage"
01:46.219,"Lemme At'em Circle of Scorn Erichthonios Tick  698 (T: 529, C: 24.2%, D: 19.2%, P/R: 18.36, G: 550.67, M: 1, S: 633)"
01:47.375,Lemme At'em prepares  Blade of Truth  on Erichthonios 8752
01:47.598,Lemme At'em prepares  attack  on Erichthonios *1868*
01:48.132,Lemme At'em attack Erichthonios *1868*
01:48.266,Lemme At'em Blade of Truth Erichthonios 8752
01:49.202,"Lemme At'em Goring Blade Erichthonios Tick  1755 (T: 1438, C: 24.2%, D: 19.2%, P/R: 18.36, G: 1491.41, M: 1.25, S: 1722)+25% damage"
01:49.202,"Lemme At'em Circle of Scorn Erichthonios Tick  646 (T: 529, C: 24.2%, D: 19.2%, P/R: 18.36, G: 550.67, M: 1, S: 633)"
01:49.870,Lemme At'em prepares  Blade of Valor  on Erichthonios 10252
01:49.870,Lemme At'em prepares  attack  on Erichthonios 1202
01:50.403,Lemme At'em attack Erichthonios 1202
01:50.760,Lemme At'em Blade of Valor Erichthonios 10252
01:52.140,Lemme At'em prepares  attack  on Erichthonios 1227
01:52.183,"Lemme At'em Circle of Scorn Erichthonios Tick  704 (T: 529, C: 24.2%, D: 19.2%, P/R: 18.36, G: 550.67, M: 1, S: 633)"
01:52.183,"Lemme At'em Blade of Valor Erichthonios Tick  1885 (T: 1417, C: 24.2%, D: 19.2%, P/R: 18.36, G: 1468.46, M: 1, S: 1697)"
01:52.362,Lemme At'em prepares  Fast Blade  on Erichthonios 3445
01:52.674,Lemme At'em attack Erichthonios 1227
01:52.985,Lemme At'em Fast Blade Erichthonios 3445
01:54.412,Lemme At'em prepares  attack  on Erichthonios 1189
01:54.767,Lemme At'em prepares  Riot Blade  on Erichthonios 5359 (+43%)
01:54.945,Lemme At'em attack Erichthonios 1189
01:55.212,"Lemme At'em Blade of Valor Erichthonios Tick  1602 (T: 1417, C: 24.2%, D: 19.2%, P/R: 18.36, G: 1468.46, M: 1, S: 1697)"
01:55.523,Lemme At'em Riot Blade Erichthonios 5359 (+43%)
01:56.682,Lemme At'em prepares  attack  on Erichthonios *1805*
01:57.215,Lemme At'em attack Erichthonios *1805*
01:57.215,Lemme At'em prepares  Royal Authority  on Erichthonios 7500 (+69%)
01:57.793,Lemme At'em Royal Authority Erichthonios 7500 (+69%)
01:58.195,"Lemme At'em Blade of Valor Erichthonios Tick  1505 (T: 1417, C: 24.2%, D: 19.2%, P/R: 18.36, G: 1468.46, M: 1, S: 1697)"
01:58.951,Lemme At'em prepares  attack  on Erichthonios 1165
01:59.483,Lemme At'em attack Erichthonios 1165
01:59.617,Lemme At'em prepares  Atonement  on Erichthonios 6958
02:00.950,Lemme At'em Atonement Erichthonios 6958
02:01.220,"Lemme At'em Blade of Valor Erichthonios Tick  1578 (T: 1417, C: 24.2%, D: 19.2%, P/R: 18.36, G: 1468.46, M: 1, S: 1697)"
02:01.220,Lemme At'em prepares  attack  on Erichthonios *1917*
02:01.754,Lemme At'em attack Erichthonios *1917*
02:02.067,Lemme At'em prepares  Atonement  on Erichthonios 6924
02:03.359,Lemme At'em Atonement Erichthonios 6924
02:03.492,Lemme At'em prepares  attack  on Erichthonios *1897*
02:04.025,Lemme At'em attack Erichthonios *1897*
02:04.204,"Lemme At'em Blade of Valor Erichthonios Tick  1902 (T: 1417, C: 24.2%, D: 19.2%, P/R: 18.36, G: 1468.46, M: 1, S: 1697)"
02:04.471,Lemme At'em prepares  Fast Blade  on Erichthonios 4471 (Direct Hit)
02:05.095,Lemme At'em Fast Blade Erichthonios 4471 (Direct Hit)
02:05.763,Lemme At'em prepares  attack  on Erichthonios 1443 (Direct Hit)
02:06.298,Lemme At'em attack Erichthonios 1443 (Direct Hit)
02:06.875,Lemme At'em prepares  Riot Blade  on Erichthonios *10018* (+43%)+25% damage
02:07.186,"Lemme At'em Blade of Valor Erichthonios Tick  1630 (T: 1417, C: 24.2%, D: 19.2%, P/R: 18.36, G: 1468.46, M: 1, S: 1697)"
02:07.498,Lemme At'em prepares  Circle of Scorn  on Erichthonios *3321*+25% damage
02:07.632,Lemme At'em Riot Blade Erichthonios *10018* (+43%)
02:08.033,Lemme At'em prepares  attack  on Erichthonios 1507+25% damage
02:08.522,Lemme At'em Circle of Scorn Erichthonios *3321*
02:08.567,Lemme At'em attack Erichthonios 1507
02:09.326,Lemme At'em prepares  Goring Blade  on Erichthonios 5451 (+60%)+31% damage
02:09.861,Lemme At'em Goring Blade Erichthonios 5451 (+60%)
02:09.950,Lemme At'em prepares  Intervene  on Erichthonios 3307+31% damage
02:10.218,"Lemme At'em Circle of Scorn Erichthonios Tick  898 (T: 661, C: 34.2%, D: 19.2%, P/R: 18.36, G: 688.34, M: 1.25, S: 833)+25% damage"
02:10.218,"Lemme At'em Goring Blade Erichthonios Tick  2049 (T: 1509, C: 34.2%, D: 19.2%, P/R: 18.36, G: 1563.00, M: 1.31, S: 1901)+31% damage"
02:10.307,Lemme At'em prepares  attack  on Erichthonios *2395*+31% damage
02:10.530,Lemme At'em Intervene Erichthonios 3307
02:10.841,Lemme At'em attack Erichthonios *2395*
02:11.198,Lemme At'em prepares  Expiacion  on Erichthonios *12312*+39% damage
02:11.555,Lemme At'em Expiacion Erichthonios *12312*
02:11.822,Lemme At'em prepares  Fast Blade  on Erichthonios *7799*+39% damage
02:12.401,Lemme At'em prepares  Intervene  on Erichthonios 3542+39% damage
02:12.446,Lemme At'em Fast Blade Erichthonios *7799*
02:12.580,Lemme At'em prepares  attack  on Erichthonios 1586+39% damage
02:12.981,Lemme At'em Intervene Erichthonios 3542
02:13.116,Lemme At'em attack Erichthonios 1586
02:13.205,"Lemme At'em Circle of Scorn Erichthonios Tick  784 (T: 661, C: 34.2%, D: 19.2%, P/R: 18.36, G: 688.34, M: 1.25, S: 833)+25% damage"
02:13.205,"Lemme At'em Goring Blade Erichthonios Tick  1791 (T: 1509, C: 34.2%, D: 19.2%, P/R: 18.36, G: 1563.00, M: 1.31, S: 1901)+31% damage"
02:14.228,Lemme At'em prepares  Riot Blade  on Erichthonios 7035 (+43%)+39% damage
02:14.852,Lemme At'em prepares  attack  on Erichthonios 1624+39% damage
02:14.986,Lemme At'em Riot Blade Erichthonios 7035 (+43%)
02:15.385,Lemme At'em attack Erichthonios 1624
02:16.008,Lemme At'em prepares  Requiescat  on Erichthonios 7744+11% damage
02:16.187,"Lemme At'em Circle of Scorn Erichthonios Tick  802 (T: 661, C: 34.2%, D: 19.2%, P/R: 18.36, G: 688.34, M: 1.25, S: 833)+25% damage"
02:16.187,"Lemme At'em Goring Blade Erichthonios Tick  1829 (T: 1509, C: 34.2%, D: 19.2%, P/R: 18.36, G: 1563.00, M: 1.31, S: 1901)+31% damage"
02:16.633,Lemme At'em Requiescat Erichthonios 7744
02:16.633,Lemme At'em prepares  Royal Authority  on Erichthonios 9713 (+69%)+39% damage
02:17.123,Lemme At'em prepares  attack  on Erichthonios 1580+39% damage
02:17.212,Lemme At'em Royal Authority Erichthonios 9713 (+69%)
02:17.657,Lemme At'em attack Erichthonios 1580
02:19.083,Lemme At'em prepares  Atonement  on Erichthonios *15487*+39% damage
02:19.216,"Lemme At'em Circle of Scorn Erichthonios Tick  858 (T: 661, C: 34.2%, D: 19.2%, P/R: 18.36, G: 688.34, M: 1.25, S: 833)+25% damage"
02:19.216,"Lemme At'em Goring Blade Erichthonios Tick  1958 (T: 1509, C: 34.2%, D: 19.2%, P/R: 18.36, G: 1563.00, M: 1.31, S: 1901)+31% damage"
02:19.395,Lemme At'em prepares  attack  on Erichthonios 1964 (Direct Hit)+39% damage
02:19.929,Lemme At'em attack Erichthonios 1964 (Direct Hit)
02:20.374,Lemme At'em Atonement Erichthonios *15487*
02:21.486,Lemme At'em prepares  Atonement  on Erichthonios *15946*+39% damage
02:21.664,Lemme At'em prepares  attack  on Erichthonios 1982 (Direct Hit)+39% damage
02:22.199,Lemme At'em attack Erichthonios 1982 (Direct Hit)
02:22.200,"Lemme At'em Circle of Scorn Erichthonios Tick  761 (T: 661, C: 34.2%, D: 19.2%, P/R: 18.36, G: 688.34, M: 1.25, S: 833)+25% damage"
02:22.200,"Lemme At'em Goring Blade Erichthonios Tick  1736 (T: 1509, C: 34.2%, D: 19.2%, P/R: 18.36, G: 1563.00, M: 1.31, S: 1901)+31% damage"
02:22.778,Lemme At'em Atonement Erichthonios *15946*
02:23.936,Lemme At'em prepares  Atonement  on Erichthonios 10436+39% damage
02:23.936,Lemme At'em prepares  attack  on Erichthonios 1681+39% damage
02:24.470,Lemme At'em attack Erichthonios 1681
02:25.183,"Lemme At'em Goring Blade Erichthonios Tick  1836 (T: 1509, C: 34.2%, D: 19.2%, P/R: 18.36, G: 1563.00, M: 1.31, S: 1901)+31% damage"
02:25.228,Lemme At'em Atonement Erichthonios 10436
02:26.210,Lemme At'em prepares  attack  on Erichthonios 1461+25% damage
02:26.344,Lemme At'em prepares  Fast Blade  on Erichthonios 4262+25% damage
02:26.745,Lemme At'em attack Erichthonios 1461
02:26.967,Lemme At'em Fast Blade Erichthonios 4262
02:28.182,"Lemme At'em Goring Blade Erichthonios Tick  1774 (T: 1509, C: 34.2%, D: 19.2%, P/R: 18.36, G: 1563.00, M: 1.31, S: 1901)+31% damage"
02:28.483,Lemme At'em prepares  attack  on Erichthonios 1483+25% damage
02:28.749,Lemme At'em prepares  Riot Blade  on Erichthonios 6583 (+43%)+25% damage
02:29.016,Lemme At'em attack Erichthonios 1483
02:29.506,Lemme At'em Riot Blade Erichthonios 6583 (+43%)
02:30.756,Lemme At'em prepares  attack  on Erichthonios *2446*+25% damage
02:31.200,Lemme At'em prepares  Goring Blade  on Erichthonios 6427 (Direct Hit) (+60%)+25% damage
02:31.289,Lemme At'em attack Erichthonios *2446*
02:31.733,Lemme At'em Goring Blade Erichthonios 6427 (Direct Hit) (+60%)
02:33.024,Lemme At'em prepares  attack  on Erichthonios 1236
02:33.559,Lemme At'em attack Erichthonios 1236
02:33.604,Lemme At'em prepares  Holy Spirit  on Erichthonios 9328
02:34.182,"Lemme At'em Goring Blade Erichthonios Tick  1598 (T: 1438, C: 24.2%, D: 19.2%, P/R: 18.36, G: 1491.41, M: 1.25, S: 1722)+25% damage"
02:34.359,Lemme At'em Holy Spirit Erichthonios 9328
02:35.295,Lemme At'em prepares  attack  on Erichthonios *1848*
02:35.830,Lemme At'em attack Erichthonios *1848*
02:36.097,Lemme At'em prepares  Holy Spirit  on Erichthonios 8860
02:36.854,Lemme At'em Holy Spirit Erichthonios 8860
02:37.210,"Lemme At'em Goring Blade Erichthonios Tick  1393 (T: 1438, C: 24.2%, D: 19.2%, P/R: 18.36, G: 1491.41, M: 1.25, S: 1722)+25% damage"
02:37.566,Lemme At'em prepares  attack  on Erichthonios 1505 (Direct Hit)
02:37.788,Lemme At'em prepares  Circle of Scorn  on Erichthonios 2159 (Direct Hit)
02:38.100,Lemme At'em attack Erichthonios 1505 (Direct Hit)
02:38.724,Lemme At'em prepares  Holy Spirit  on Erichthonios 9275
02:38.812,Lemme At'em Circle of Scorn Erichthonios 2159 (Direct Hit)
02:39.482,Lemme At'em Holy Spirit Erichthonios 9275
02:39.839,Lemme At'em prepares  attack  on Erichthonios 1472 (Direct Hit)
02:40.195,"Lemme At'em Goring Blade Erichthonios Tick  1661 (T: 1438, C: 24.2%, D: 19.2%, P/R: 18.36, G: 1491.41, M: 1.25, S: 1722)+25% damage"
02:40.195,"Lemme At'em Circle of Scorn Erichthonios Tick  611 (T: 529, C: 24.2%, D: 19.2%, P/R: 18.36, G: 550.67, M: 1, S: 633)"
02:40.372,Lemme At'em attack Erichthonios 1472 (Direct Hit)
02:41.221,Lemme At'em prepares  Holy Spirit  on Erichthonios *14864*
02:41.846,Lemme At'em prepares  Expiacion  on Erichthonios 5555
02:41.978,Lemme At'em Holy Spirit Erichthonios *14864*
02:42.112,Lemme At'em prepares  attack  on Erichthonios 1206
02:42.202,Lemme At'em Expiacion Erichthonios 5555
02:42.647,Lemme At'em attack Erichthonios 1206
02:43.180,"Lemme At'em Goring Blade Erichthonios Tick  1748 (T: 1438, C: 24.2%, D: 19.2%, P/R: 18.36, G: 1491.41, M: 1.25, S: 1722)+25% damage"
02:43.180,"Lemme At'em Circle of Scorn Erichthonios Tick  642 (T: 529, C: 24.2%, D: 19.2%, P/R: 18.36, G: 550.67, M: 1, S: 633)"
02:43.714,Lemme At'em prepares  Confiteor  on Erichthonios 15102
02:44.337,Lemme At'em Confiteor Erichthonios 15102
02:44.382,Lemme At'em prepares  attack  on Erichthonios *1856*
02:44.915,Lemme At'em attack Erichthonios *1856*
02:46.209,"Lemme At'em Goring Blade Erichthonios Tick  1842 (T: 1438, C: 24.2%, D: 19.2%, P/R: 18.36, G: 1491.41, M: 1.25, S: 1722)+25% damage"
02:46.209,"Lemme At'em Circle of Scorn Erichthonios Tick  678 (T: 529, C: 24.2%, D: 19.2%, P/R: 18.36, G: 550.67, M: 1, S: 633)"
02:46.209,Lemme At'em prepares  Blade of Faith  on Erichthonios 7386
02:46.654,Lemme At'em prepares  attack  on Erichthonios 1235
02:46.831,Lemme At'em Blade of Faith Erichthonios 7386
02:47.188,Lemme At'em attack Erichthonios 1235
02:48.702,Lemme At'em prepares  Blade of Truth  on Erichthonios 11217 (Direct Hit)
02:48.924,Lemme At'em prepares  attack  on Erichthonios 1233
02:49.193,"Lemme At'em Goring Blade Erichthonios Tick  2022 (T: 1438, C: 24.2%, D: 19.2%, P/R: 18.36, G: 1491.41, M: 1.25, S: 1722)+25% damage"
02:49.193,"Lemme At'em Circle of Scorn Erichthonios Tick  744 (T: 529, C: 24.2%, D: 19.2%, P/R: 18.36, G: 550.67, M: 1, S: 633)"
02:49.460,Lemme At'em attack Erichthonios 1233
02:49.592,Lemme At'em Blade of Truth Erichthonios 11217 (Direct Hit)
02:51.195,Lemme At'em prepares  Blade of Valor  on Erichthonios 9909
02:51.195,Lemme At'em prepares  attack  on Erichthonios 1157
02:51.729,Lemme At'em attack Erichthonios 1157
02:52.084,Lemme At'em Blade of Valor Erichthonios 9909
02:52.218,"Lemme At'em Circle of Scorn Erichthonios Tick  550 (T: 529, C: 24.2%, D: 19.2%, P/R: 18.36, G: 550.67, M: 1, S: 633)"
02:52.218,"Lemme At'em Blade of Valor Erichthonios Tick  1471 (T: 1417, C: 24.2%, D: 19.2%, P/R: 18.36, G: 1468.46, M: 1, S: 1697)"
02:53.465,Lemme At'em prepares  attack  on Erichthonios 1242
02:53.731,Lemme At'em prepares  Fast Blade  on Erichthonios *5373*
02:53.997,Lemme At'em attack Erichthonios 1242
02:54.352,Lemme At'em Fast Blade Erichthonios *5373*
02:55.196,"Lemme At'em Blade of Valor Erichthonios Tick  1699 (T: 1417, C: 24.2%, D: 19.2%, P/R: 18.36, G: 1468.46, M: 1, S: 1697)"
02:55.729,Lemme At'em prepares  attack  on Erichthonios 1136
02:56.130,Lemme At'em prepares  Riot Blade  on Erichthonios 5383 (+43%)
02:56.263,Lemme At'em attack Erichthonios 1136
02:56.885,Lemme At'em Riot Blade Erichthonios 5383 (+43%)
02:57.997,Lemme At'em prepares  attack  on Erichthonios 1180
02:58.219,"Lemme At'em Blade of Valor Erichthonios Tick  1597 (T: 1417, C: 24.2%, D: 19.2%, P/R: 18.36, G: 1468.46, M: 1, S: 1697)"
02:58.531,Lemme At'em attack Erichthonios 1180
02:58.577,Lemme At'em prepares  Royal Authority  on Erichthonios 7042 (+69%)
02:59.156,Lemme At'em Royal Authority Erichthonios 7042 (+69%)
03:00.270,Lemme At'em prepares  attack  on Erichthonios 1540 (Direct Hit)
03:00.805,Lemme At'em attack Erichthonios 1540 (Direct Hit)
03:00.984,Lemme At'em prepares  Atonement  on Erichthonios *15042* (Direct Hit)
03:01.207,"Lemme At'em Blade of Valor Erichthonios Tick  1789 (T: 1417, C: 24.2%, D: 19.2%, P/R: 18.36, G: 1468.46, M: 1, S: 1697)"
03:02.275,Lemme At'em Atonement Erichthonios *15042* (Direct Hit)
03:02.541,Lemme At'em prepares  attack  on Erichthonios 1222
03:03.077,Lemme At'em attack Erichthonios 1222
03:03.388,Lemme At'em prepares  Atonement  on Erichthonios *11881*
03:04.188,"Lemme At'em Blade of Valor Erichthonios Tick  1802 (T: 1417, C: 24.2%, D: 19.2%, P/R: 18.36, G: 1468.46, M: 1, S: 1697)"
03:04.678,Lemme At'em Atonement Erichthonios *11881*
03:04.811,Lemme At'em prepares  attack  on Erichthonios *1856*
03:05.346,Lemme At'em attack Erichthonios *1856*
03:05.792,Lemme At'em prepares  Fast Blade  on Erichthonios 3462
03:06.416,Lemme At'em Fast Blade Erichthonios 3462
03:07.084,Lemme At'em prepares  attack  on Erichthonios 1189
03:07.217,"Lemme At'em Blade of Valor Erichthonios Tick  1609 (T: 1417, C: 24.2%, D: 19.2%, P/R: 18.36, G: 1468.46, M: 1, S: 1697)"
03:07.617,Lemme At'em attack Erichthonios 1189
03:08.376,Lemme At'em prepares  Riot Blade  on Erichthonios 7947 (Direct Hit) (+43%)+25% damage
03:08.957,Lemme At'em prepares  Circle of Scorn  on Erichthonios 2242+25% damage
03:09.134,Lemme At'em Riot Blade Erichthonios 7947 (Direct Hit) (+43%)
03:09.356,Lemme At'em prepares  attack  on Erichthonios 1501+25% damage
03:09.622,Lemme At'em prepares  Intervene  on Erichthonios *5218*+25% damage
03:09.891,Lemme At'em attack Erichthonios 1501
03:09.979,Lemme At'em Circle of Scorn Erichthonios 2242
03:10.203,Lemme At'em Intervene Erichthonios *5218*
03:10.203,"Lemme At'em Blade of Valor Erichthonios Tick  1701 (T: 1417, C: 24.2%, D: 19.2%, P/R: 18.36, G: 1468.46, M: 1, S: 1697)"
03:10.203,"Lemme At'em Circle of Scorn Erichthonios Tick  793 (T: 661, C: 24.2%, D: 19.2%, P/R: 18.36, G: 688.34, M: 1.25, S: 791)+25% damage"
03:10.781,Lemme At'em prepares  Goring Blade  on Erichthonios *8701* (+60%)+25% damage
03:11.314,Lemme At'em Goring Blade Erichthonios *8701* (+60%)
03:11.625,Lemme At'em prepares  attack  on Erichthonios 1465+25% damage
03:11.848,Lemme At'em prepares  Expiacion  on Erichthonios *14205* (Direct Hit)+25% damage
03:12.161,Lemme At'em attack Erichthonios 1465
03:12.204,Lemme At'em Expiacion Erichthonios *14205* (Direct Hit)
03:12.695,Lemme At'em prepares  Intervene  on Erichthonios *5052*+25% damage
03:13.183,"Lemme At'em Circle of Scorn Erichthonios Tick  843 (T: 661, C: 24.2%, D: 19.2%, P/R: 18.36, G: 688.34, M: 1.25, S: 791)+25% damage"
03:13.183,"Lemme At'em Goring Blade Erichthonios Tick  1834 (T: 1438, C: 24.2%, D: 19.2%, P/R: 18.36, G: 1491.41, M: 1.25, S: 1722)+25% damage"
03:13.272,Lemme At'em Intervene Erichthonios *5052*
03:13.361,Lemme At'em prepares  Fast Blade  on Erichthonios 4427+25% damage
03:13.893,Lemme At'em prepares  attack  on Erichthonios 1805 (Direct Hit)+25% damage
03:13.982,Lemme At'em Fast Blade Erichthonios 4427
03:14.426,Lemme At'em attack Erichthonios 1805 (Direct Hit)
03:15.809,Lemme At'em prepares  Riot Blade  on Erichthonios 6282 (+43%)+25% damage
03:16.165,Lemme At'em prepares  attack  on Erichthonios 1541+25% damage
03:16.209,"Lemme At'em Circle of Scorn Erichthonios Tick  813 (T: 661, C: 24.2%, D: 19.2%, P/R: 18.36, G: 688.34, M: 1.25, S: 791)+25% damage"
03:16.209,"Lemme At'em Goring Blade Erichthonios Tick  1769 (T: 1438, C: 24.2%, D: 19.2%, P/R: 18.36, G: 1491.41, M: 1.25, S: 1722)+25% damage"
03:16.565,Lemme At'em Riot Blade Erichthonios 6282 (+43%)
03:16.699,Lemme At'em attack Erichthonios 1541
03:17.590,Lemme At'em prepares  Requiescat  on Erichthonios 6632
03:18.213,Lemme At'em Requiescat Erichthonios 6632
03:18.213,Lemme At'em prepares  Royal Authority  on Erichthonios 8971 (+69%)+25% damage
03:18.436,Lemme At'em prepares  attack  on Erichthonios 1470+25% damage
03:18.791,Lemme At'em Royal Authority Erichthonios 8971 (+69%)
03:18.969,Lemme At'em attack Erichthonios 1470
03:19.192,"Lemme At'em Circle of Scorn Erichthonios Tick  654 (T: 661, C: 24.2%, D: 19.2%, P/R: 18.36, G: 688.34, M: 1.25, S: 791)+25% damage"
03:19.192,"Lemme At'em Goring Blade Erichthonios Tick  1424 (T: 1438, C: 24.2%, D: 19.2%, P/R: 18.36, G: 1491.41, M: 1.25, S: 1722)+25% damage"
03:20.663,Lemme At'em prepares  Atonement  on Erichthonios *14195*+25% damage
03:20.706,Lemme At'em prepares  attack  on Erichthonios 1792 (Direct Hit)+25% damage
03:21.240,Lemme At'em attack Erichthonios 1792 (Direct Hit)
03:21.957,Lemme At'em Atonement Erichthonios *14195*
03:22.178,"Lemme At'em Circle of Scorn Erichthonios Tick  705 (T: 661, C: 24.2%, D: 19.2%, P/R: 18.36, G: 688.34, M: 1.25, S: 791)+25% damage"
03:22.178,"Lemme At'em Goring Blade Erichthonios Tick  1533 (T: 1438, C: 24.2%, D: 19.2%, P/R: 18.36, G: 1491.41, M: 1.25, S: 1722)+25% damage"
03:22.979,Lemme At'em prepares  attack  on Erichthonios 1518+25% damage
03:23.113,Lemme At'em prepares  Atonement  on Erichthonios *14886*+25% damage
03:23.514,Lemme At'em attack Erichthonios 1518
03:24.404,Lemme At'em Atonement Erichthonios *14886*
03:25.206,"Lemme At'em Goring Blade Erichthonios Tick  1824 (T: 1438, C: 24.2%, D: 19.2%, P/R: 18.36, G: 1491.41, M: 1.25, S: 1722)+25% damage"
03:25.250,Lemme At'em prepares  attack  on Erichthonios 1530+25% damage
03:25.518,Lemme At'em prepares  Atonement  on Erichthonios 8786+25% damage
03:25.784,Lemme At'em attack Erichthonios 1530
03:26.810,Lemme At'em Atonement Erichthonios 8786
03:27.524,Lemme At'em prepares  attack  on Erichthonios 1525+25% damage
03:27.925,Lemme At'em prepares  Fast Blade  on Erichthonios *7061*+25% damage
03:28.058,Lemme At'em attack Erichthonios 1525
03:28.192,"Lemme At'em Goring Blade Erichthonios Tick  1772 (T: 1438, C: 24.2%, D: 19.2%, P/R: 18.36, G: 1491.41, M: 1.25, S: 1722)+25% damage"
03:28.548,Lemme At'em Fast Blade Erichthonios *7061*
03:29.795,Lemme At'em prepares  attack  on Erichthonios 1527+25% damage
03:30.329,Lemme At'em attack Erichthonios 1527
03:30.374,Lemme At'em prepares  Riot Blade  on Erichthonios 6345 (+43%)+25% damage
03:31.131,Lemme At'em Riot Blade Erichthonios 6345 (+43%)
03:31.220,"Lemme At'em Goring Blade Erichthonios Tick  1560 (T: 1438, C: 24.2%, D: 19.2%, P/R: 18.36, G: 1491.41, M: 1.25, S: 1722)+25% damage"
03:32.065,Lemme At'em prepares  attack  on Erichthonios 1490+25% damage
03:32.600,Lemme At'em attack Erichthonios 1490
03:32.823,Lemme At'em prepares  Goring Blade  on Erichthonios *8383* (+60%)+25% damage
03:33.357,Lemme At'em Goring Blade Erichthonios *8383* (+60%)
03:34.202,"Lemme At'em Goring Blade Erichthonios Tick  1555 (T: 1438, C: 24.2%, D: 19.2%, P/R: 18.36, G: 1491.41, M: 1.25, S: 1722)+25% damage"
03:34.336,Lemme At'em prepares  attack  on Erichthonios *1830*
03:34.870,Lemme At'em attack Erichthonios *1830*
03:35.225,Lemme At'em prepares  Holy Spirit  on Erichthonios 9525
03:35.983,Lemme At'em Holy Spirit Erichthonios 9525
03:36.608,Lemme At'em prepares  attack  on Erichthonios 1239
03:37.142,Lemme At'em attack Erichthonios 1239
03:37.185,"Lemme At'em Goring Blade Erichthonios Tick  1681 (T: 1438, C: 24.2%, D: 19.2%, P/R: 18.36, G: 1491.41, M: 1.25, S: 1722)+25% damage"
03:37.720,Lemme At'em prepares  Holy Spirit  on Erichthonios 9064
03:38.476,Lemme At'em Holy Spirit Erichthonios 9064
03:38.877,Lemme At'em prepares  attack  on Erichthonios *1830*
03:38.966,Lemme At'em prepares  Circle of Scorn  on Erichthonios 1682
03:39.411,Lemme At'em attack Erichthonios *1830*
03:39.990,Lemme At'em Circle of Scorn Erichthonios 1682
03:40.213,"Lemme At'em Goring Blade Erichthonios Tick  1561 (T: 1438, C: 24.2%, D: 19.2%, P/R: 18.36, G: 1491.41, M: 1.25, S: 1722)+25% damage"
03:40.213,"Lemme At'em Circle of Scorn Erichthonios Tick  574 (T: 529, C: 24.2%, D: 19.2%, P/R: 18.36, G: 550.67, M: 1, S: 633)"
03:40.213,Lemme At'em prepares  Holy Spirit  on Erichthonios 9016
03:40.968,Lemme At'em Holy Spirit Erichthonios 9016
03:41.146,Lemme At'em prepares  attack  on Erichthonios 1197
03:41.679,Lemme At'em attack Erichthonios 1197
03:42.701,Lemme At'em prepares  Holy Spirit  on Erichthonios *14039*
03:43.191,"Lemme At'em Goring Blade Erichthonios Tick  2028 (T: 1438, C: 24.2%, D: 19.2%, P/R: 18.36, G: 1491.41, M: 1.25, S: 1722)+25% damage"
03:43.191,"Lemme At'em Circle of Scorn Erichthonios Tick  745 (T: 529, C: 24.2%, D: 19.2%, P/R: 18.36, G: 550.67, M: 1, S: 633)"
03:43.369,Lemme At'em prepares  Expiacion  on Erichthonios 5769
03:43.413,Lemme At'em prepares  attack  on Erichthonios 1150
03:43.457,Lemme At'em Holy Spirit Erichthonios *14039*
03:43.767,Lemme At'em Expiacion Erichthonios 5769
03:43.945,Lemme At'em attack Erichthonios 1150
03:45.235,Lemme At'em prepares  Confiteor  on Erichthonios 19719 (Direct Hit)
03:45.679,Lemme At'em prepares  attack  on Erichthonios 1170
03:45.856,Lemme At'em Confiteor Erichthonios 19719 (Direct Hit)
03:46.211,Lemme At'em attack Erichthonios 1170
03:46.211,"Lemme At'em Goring Blade Erichthonios Tick  1829 (T: 1438, C: 24.2%, D: 19.2%, P/R: 18.36, G: 1491.41, M: 1.25, S: 1722)+25% damage"
03:46.211,"Lemme At'em Circle of Scorn Erichthonios Tick  673 (T: 529, C: 24.2%, D: 19.2%, P/R: 18.36, G: 550.67, M: 1, S: 633)"
03:47.723,Lemme At'em prepares  Blade of Faith  on Erichthonios 7174
03:47.945,Lemme At'em prepares  attack  on Erichthonios 1207
03:48.346,Lemme At'em Blade of Faith Erichthonios 7174
03:48.480,Lemme At'em attack Erichthonios 1207
03:49.191,"Lemme At'em Goring Blade Erichthonios Tick  1878 (T: 1438, C: 24.2%, D: 19.2%, P/R: 18.36, G: 1491.41, M: 1.25, S: 1722)+25% damage"
03:49.191,"Lemme At'em Circle of Scorn Erichthonios Tick  691 (T: 529, C: 24.2%, D: 19.2%, P/R: 18.36, G: 550.67, M: 1, S: 633)"
03:50.213,Lemme At'em prepares  Blade of Truth  on Erichthonios *13649*
03:50.213,Lemme At'em prepares  attack  on Erichthonios 1203
03:50.746,Lemme At'em attack Erichthonios 1203
03:51.102,Lemme At'em Blade of Truth Erichthonios *13649*
03:52.216,"Lemme At'em Goring Blade Erichthonios Tick  1743 (T: 1438, C: 24.2%, D: 19.2%, P/R: 18.36, G: 1491.41, M: 1.25, S: 1722)+25% damage"
03:52.216,"Lemme At'em Circle of Scorn Erichthonios Tick  641 (T: 529, C: 24.2%, D: 19.2%, P/R: 18.36, G: 550.67, M: 1, S: 633)"
03:52.483,Lemme At'em prepares  attack  on Erichthonios 1159
03:52.705,Lemme At'em prepares  Blade of Valor  on Erichthonios *15461*
03:53.014,Lemme At'em attack Erichthonios 1159
03:53.637,Lemme At'em Blade of Valor Erichthonios *15461*
03:54.750,Lemme At'em prepares  attack  on Erichthonios 1199
03:55.195,"Lemme At'em Blade of Valor Erichthonios Tick  1849 (T: 1417, C: 24.2%, D: 19.2%, P/R: 18.36, G: 1468.46, M: 1, S: 1697)"
03:55.285,Lemme At'em attack Erichthonios 1199
03:55.285,Lemme At'em prepares  Fast Blade  on Erichthonios 3554
03:55.907,Lemme At'em Fast Blade Erichthonios 3554
03:57.019,Lemme At'em prepares  attack  on Erichthonios *1873*
03:57.552,Lemme At'em attack Erichthonios *1873*
03:57.686,Lemme At'em prepares  Riot Blade  on Erichthonios *8055* (+43%)
03:58.219,"Lemme At'em Blade of Valor Erichthonios Tick  1631 (T: 1417, C: 24.2%, D: 19.2%, P/R: 18.36, G: 1468.46, M: 1, S: 1697)"
03:58.441,Lemme At'em Riot Blade Erichthonios *8055* (+43%)
03:59.284,Lemme At'em prepares  attack  on Erichthonios 1517 (Direct Hit)
03:59.819,Lemme At'em attack Erichthonios 1517 (Direct Hit)
04:00.086,Lemme At'em prepares  Royal Authority  on Erichthonios 7022 (+69%)
04:00.665,Lemme At'em Royal Authority Erichthonios 7022 (+69%)
04:01.198,"Lemme At'em Blade of Valor Erichthonios Tick  1535 (T: 1417, C: 24.2%, D: 19.2%, P/R: 18.36, G: 1468.46, M: 1, S: 1697)"
04:01.554,Lemme At'em prepares  attack  on Erichthonios *1871*
04:02.088,Lemme At'em attack Erichthonios *1871*
04:02.489,Lemme At'em prepares  Atonement  on Erichthonios 9046 (Direct Hit)
04:03.778,Lemme At'em Atonement Erichthonios 9046 (Direct Hit)
04:03.823,Lemme At'em prepares  attack  on Erichthonios *2341* (Direct Hit)
04:04.180,"Lemme At'em Blade of Valor Erichthonios Tick  1456 (T: 1417, C: 24.2%, D: 19.2%, P/R: 18.36, G: 1468.46, M: 1, S: 1697)"
04:04.358,Lemme At'em attack Erichthonios *2341* (Direct Hit)
04:04.934,Lemme At'em prepares  Atonement  on Erichthonios *11517*
04:06.089,Lemme At'em prepares  attack  on Erichthonios 1169
04:06.268,Lemme At'em Atonement Erichthonios *11517*
04:06.624,Lemme At'em attack Erichthonios 1169
04:07.202,"Lemme At'em Blade of Valor Erichthonios Tick  1592 (T: 1417, C: 24.2%, D: 19.2%, P/R: 18.36, G: 1468.46, M: 1, S: 1697)"
04:07.336,Lemme At'em prepares  Fast Blade  on Erichthonios 3439
04:07.959,Lemme At'em Fast Blade Erichthonios 3439
04:08.359,Lemme At'em prepares  attack  on Erichthonios *1961*
04:08.893,Lemme At'em attack Erichthonios *1961*
04:09.782,Lemme At'em prepares  Riot Blade  on Erichthonios 6919 (+43%)+31% damage
04:10.181,"Lemme At'em Blade of Valor Erichthonios Tick  1683 (T: 1417, C: 24.2%, D: 19.2%, P/R: 18.36, G: 1468.46, M: 1, S: 1697)"
04:10.359,Lemme At'em prepares  Circle of Scorn  on Erichthonios 2326+38% damage
04:10.537,Lemme At'em Riot Blade Erichthonios 6919 (+43%)
04:10.627,Lemme At'em prepares  attack  on Erichthonios *2536*+38% damage
04:10.985,Lemme At'em prepares  Intervene  on Erichthonios 3630+46% damage
04:11.162,Lemme At'em attack Erichthonios *2536*
04:11.384,Lemme At'em Circle of Scorn Erichthonios 2326
04:11.561,Lemme At'em Intervene Erichthonios 3630
04:12.230,Lemme At'em prepares  Goring Blade  on Erichthonios 6217 (+60%)+46% damage
04:12.763,Lemme At'em Goring Blade Erichthonios 6217 (+60%)
04:12.898,Lemme At'em prepares  attack  on Erichthonios 2093 (Direct Hit)+46% damage
04:13.208,"Lemme At'em Circle of Scorn Erichthonios Tick  873 (T: 728, C: 34.2%, D: 19.2%, P/R: 18.36, G: 759.93, M: 1.38, S: 917)+38% damage"
04:13.208,"Lemme At'em Goring Blade Erichthonios Tick  2013 (T: 1679, C: 34.2%, D: 19.2%, P/R: 18.36, G: 1741.96, M: 1.46, S: 2115)+46% damage"
04:13.342,Lemme At'em prepares  Expiacion  on Erichthonios *13686*+46% damage
04:13.432,Lemme At'em attack Erichthonios 2093 (Direct Hit)
04:13.699,Lemme At'em Expiacion Erichthonios *13686*
04:14.679,Lemme At'em prepares  Fast Blade  on Erichthonios 6408 (Direct Hit)+46% damage
04:15.170,Lemme At'em prepares  attack  on Erichthonios 1810+46% damage
04:15.214,Lemme At'em prepares  Intervene  on Erichthonios 3933+46% damage
04:15.302,Lemme At'em Fast Blade Erichthonios 6408 (Direct Hit)
04:15.703,Lemme At'em attack Erichthonios 1810
04:15.792,Lemme At'em Intervene Erichthonios 3933
04:16.193,"Lemme At'em Circle of Scorn Erichthonios Tick  1028 (T: 728, C: 34.2%, D: 19.2%, P/R: 18.36, G: 759.93, M: 1.38, S: 917)+38% damage"
04:16.193,"Lemme At'em Goring Blade Erichthonios Tick  2370 (T: 1679, C: 34.2%, D: 19.2%, P/R: 18.36, G: 1741.96, M: 1.46, S: 2115)+46% damage"
04:17.086,Lemme At'em prepares  Riot Blade  on Erichthonios 7815 (+43%)+46% damage
04:17.441,Lemme At'em prepares  attack  on Erichthonios *2634*+46% damage
04:17.841,Lemme At'em Riot Blade Erichthonios 7815 (+43%)
04:17.975,Lemme At'em attack Erichthonios *2634*
04:18.376,Lemme At'em prepares  Requiescat  on Erichthonios *12811*+17% damage
04:19.002,Lemme At'em Requiescat Erichthonios *12811*
04:19.180,"Lemme At'em Circle of Scorn Erichthonios Tick  961 (T: 728, C: 34.2%, D: 19.2%, P/R: 18.36, G: 759.93, M: 1.38, S: 917)+38% damage"
04:19.180,"Lemme At'em Goring Blade Erichthonios Tick  2216 (T: 1679, C: 34.2%, D: 19.2%, P/R: 18.36, G: 1741.96, M: 1.46, S: 2115)+46% damage"
04:19.492,Lemme At'em prepares  Royal Authority  on Erichthonios *16811* (+69%)+46% damage
04:19.715,Lemme At'em prepares  attack  on Erichthonios *2640*+46% damage
04:20.072,Lemme At'em Royal Authority Erichthonios *16811* (+69%)
04:20.251,Lemme At'em attack Erichthonios *2640*
04:21.896,Lemme At'em prepares  Atonement  on Erichthonios *16934*+46% damage
04:21.985,Lemme At'em prepares  attack  on Erichthonios *2650*+46% damage
04:22.209,"Lemme At'em Circle of Scorn Erichthonios Tick  857 (T: 728, C: 34.2%, D: 19.2%, P/R: 18.36, G: 759.93, M: 1.38, S: 917)+38% damage"
04:22.209,"Lemme At'em Goring Blade Erichthonios Tick  1977 (T: 1679, C: 34.2%, D: 19.2%, P/R: 18.36, G: 1741.96, M: 1.46, S: 2115)+46% damage"
04:22.521,Lemme At'em attack Erichthonios *2650*
04:23.188,Lemme At'em Atonement Erichthonios *16934*
04:24.258,Lemme At'em prepares  attack  on Erichthonios 1715+46% damage
04:24.304,Lemme At'em prepares  Atonement  on Erichthonios 10501+46% damage
04:24.794,Lemme At'em attack Erichthonios 1715
04:25.195,"Lemme At'em Circle of Scorn Erichthonios Tick  950 (T: 728, C: 34.2%, D: 19.2%, P/R: 18.36, G: 759.93, M: 1.38, S: 917)+38% damage"
04:25.195,"Lemme At'em Goring Blade Erichthonios Tick  2190 (T: 1679, C: 34.2%, D: 19.2%, P/R: 18.36, G: 1741.96, M: 1.46, S: 2115)+46% damage"
04:25.596,Lemme At'em Atonement Erichthonios 10501
04:26.530,Lemme At'em prepares  attack  on Erichthonios 2027 (Direct Hit)+31% damage
04:26.752,Lemme At'em prepares  Atonement  on Erichthonios *14566*+31% damage
04:27.063,Lemme At'em attack Erichthonios 2027 (Direct Hit)
04:28.043,Lemme At'em Atonement Erichthonios *14566*
04:28.177,"Lemme At'em Goring Blade Erichthonios Tick  2446 (T: 1679, C: 34.2%, D: 19.2%, P/R: 18.36, G: 1741.96, M: 1.46, S: 2115)+46% damage"
04:28.801,Lemme At'em prepares  attack  on Erichthonios *2525*+31% damage
04:29.158,Lemme At'em prepares  Fast Blade  on Erichthonios 4479+31% damage
04:29.335,Lemme At'em attack Erichthonios *2525*
04:29.778,Lemme At'em Fast Blade Erichthonios 4479
04:31.073,Lemme At'em prepares  attack  on Erichthonios 1990 (Direct Hit)+31% damage
04:31.207,"Lemme At'em Goring Blade Erichthonios Tick  2108 (T: 1679, C: 34.2%, D: 19.2%, P/R: 18.36, G: 1741.96, M: 1.46, S: 2115)+46% damage"
04:31.563,Lemme At'em prepares  Riot Blade  on Erichthonios 6401 (+43%)+25% damage
04:31.608,Lemme At'em attack Erichthonios 1990 (Direct Hit)
04:32.321,Lemme At'em Riot Blade Erichthonios 6401 (+43%)
04:33.345,Lemme At'em prepares  attack  on Erichthonios 1823 (Direct Hit)+25% damage
04:33.881,Lemme At'em attack Erichthonios 1823 (Direct Hit)
04:34.057,Lemme At'em prepares  Goring Blade  on Erichthonios 5326 (+60%)+25% damage
04:34.591,Lemme At'em Goring Blade Erichthonios 5326 (+60%)
04:35.616,Lemme At'em prepares  attack  on Erichthonios *2465* (Direct Hit)
04:36.151,Lemme At'em attack Erichthonios *2465* (Direct Hit)
04:36.462,Lemme At'em prepares  Holy Spirit  on Erichthonios 11756 (Direct Hit)
04:37.219,Lemme At'em Holy Spirit Erichthonios 11756 (Direct Hit)
04:37.219,"Lemme At'em Goring Blade Erichthonios Tick  1838 (T: 1438, C: 24.2%, D: 19.2%, P/R: 18.36, G: 1491.41, M: 1.25, S: 1722)+25% damage"
04:37.887,Lemme At'em prepares  attack  on Erichthonios 1147
04:38.421,Lemme At'em attack Erichthonios 1147
04:38.954,Lemme At'em prepares  Holy Spirit  on Erichthonios *14094*
04:39.712,Lemme At'em Holy Spirit Erichthonios *14094*
04:40.159,Lemme At'em prepares  attack  on Erichthonios 1189
04:40.203,"Lemme At'em Goring Blade Erichthonios Tick  1682 (T: 1438, C: 24.2%, D: 19.2%, P/R: 18.36, G: 1491.41, M: 1.25, S: 1722)+25% damage"
04:40.381,Lemme At'em prepares  Circle of Scorn  on Erichthonios 1775
04:40.693,Lemme At'em attack Erichthonios 1189
04:41.407,Lemme At'em Circle of Scorn Erichthonios 1775
04:41.452,Lemme At'em prepares  Holy Spirit  on Erichthonios 11029 (Direct Hit)
04:42.210,Lemme At'em Holy Spirit Erichthonios 11029 (Direct Hit)
04:42.431,Lemme At'em prepares  attack  on Erichthonios 1433 (Direct Hit)
04:42.965,Lemme At'em attack Erichthonios 1433 (Direct Hit)
04:43.187,"Lemme At'em Goring Blade Erichthonios Tick  1661 (T: 1438, C: 24.2%, D: 19.2%, P/R: 18.36, G: 1491.41, M: 1.25, S: 1722)+25% damage"
04:43.187,"Lemme At'em Circle of Scorn Erichthonios Tick  611 (T: 529, C: 24.2%, D: 19.2%, P/R: 18.36, G: 550.67, M: 1, S: 633)"
04:43.364,Lemme At'em prepares  Expiacion  on Erichthonios 7594 (Direct Hit)
04:43.721,Lemme At'em Expiacion Erichthonios 7594 (Direct Hit)
04:44.034,Lemme At'em prepares  Holy Spirit  on Erichthonios *15102*
04:44.701,Lemme At'em prepares  attack  on Erichthonios *2373* (Direct Hit)
04:44.789,Lemme At'em Holy Spirit Erichthonios *15102*
04:45.235,Lemme At'em attack Erichthonios *2373* (Direct Hit)
04:46.212,"Lemme At'em Goring Blade Erichthonios Tick  1663 (T: 1438, C: 24.2%, D: 19.2%, P/R: 18.36, G: 1491.41, M: 1.25, S: 1722)+25% damage"
04:46.212,"Lemme At'em Circle of Scorn Erichthonios Tick  612 (T: 529, C: 24.2%, D: 19.2%, P/R: 18.36, G: 550.67, M: 1, S: 633)"
04:46.569,Lemme At'em prepares  Confiteor  on Erichthonios *24623*
04:46.970,Lemme At'em prepares  attack  on Erichthonios 1219
04:47.193,Lemme At'em Confiteor Erichthonios *24623*
04:47.505,Lemme At'em attack Erichthonios 1219
04:49.064,Lemme At'em prepares  Blade of Faith  on Erichthonios *11092*
04:49.199,"Lemme At'em Goring Blade Erichthonios Tick  2028 (T: 1438, C: 24.2%, D: 19.2%, P/R: 18.36, G: 1491.41, M: 1.25, S: 1722)+25% damage"
04:49.199,"Lemme At'em Circle of Scorn Erichthonios Tick  746 (T: 529, C: 24.2%, D: 19.2%, P/R: 18.36, G: 550.67, M: 1, S: 633)"
04:49.242,Lemme At'em prepares  attack  on Erichthonios 1499 (Direct Hit)
04:49.731,Lemme At'em Blade of Faith Erichthonios *11092*
04:49.776,Lemme At'em attack Erichthonios 1499 (Direct Hit)
04:51.512,Lemme At'em prepares  attack  on Erichthonios *1968*
04:51.557,Lemme At'em prepares  Blade of Truth  on Erichthonios 8239
04:52.046,Lemme At'em attack Erichthonios *1968*
04:52.179,"Lemme At'em Goring Blade Erichthonios Tick  1589 (T: 1438, C: 24.2%, D: 19.2%, P/R: 18.36, G: 1491.41, M: 1.25, S: 1722)+25% damage"
04:52.179,"Lemme At'em Circle of Scorn Erichthonios Tick  584 (T: 529, C: 24.2%, D: 19.2%, P/R: 18.36, G: 550.67, M: 1, S: 633)"
04:52.446,Lemme At'em Blade of Truth Erichthonios 8239
04:53.782,Lemme At'em prepares  attack  on Erichthonios 1175
04:54.048,Lemme At'em prepares  Blade of Valor  on Erichthonios *16286*
04:54.315,Lemme At'em attack Erichthonios 1175
04:54.940,Lemme At'em Blade of Valor Erichthonios *16286*
04:55.205,"Lemme At'em Circle of Scorn Erichthonios Tick  533 (T: 529, C: 24.2%, D: 19.2%, P/R: 18.36, G: 550.67, M: 1, S: 633)"
04:55.205,"Lemme At'em Blade of Valor Erichthonios Tick  1427 (T: 1417, C: 24.2%, D: 19.2%, P/R: 18.36, G: 1468.46, M: 1, S: 1697)"
04:56.051,Lemme At'em prepares  attack  on Erichthonios 1161
04:56.539,Lemme At'em prepares  Fast Blade  on Erichthonios 3573
04:56.583,Lemme At'em attack Erichthonios 1161
04:57.162,Lemme At'em Fast Blade Erichthonios 3573
04:58.188,"Lemme At'em Blade of Valor Erichthonios Tick  1832 (T: 1417, C: 24.2%, D: 19.2%, P/R: 18.36, G: 1468.46, M: 1, S: 1697)"
04:58.321,Lemme At'em prepares  attack  on Erichthonios *1858*
04:58.856,Lemme At'em attack Erichthonios *1858*
04:58.944,Lemme At'em prepares  Riot Blade  on Erichthonios 5124 (+43%)
04:59.702,Lemme At'em Riot Blade Erichthonios 5124 (+43%)
05:00.592,Lemme At'em prepares  attack  on Erichthonios 1187
05:01.125,Lemme At'em attack Erichthonios 1187
05:01.215,"Lemme At'em Blade of Valor Erichthonios Tick  1752 (T: 1417, C: 24.2%, D: 19.2%, P/R: 18.36, G: 1468.46, M: 1, S: 1697)"
05:01.393,Lemme At'em prepares  Royal Authority  on Erichthonios 7093 (+69%)
05:01.972,Lemme At'em Royal Authority Erichthonios 7093 (+69%)
05:02.862,Lemme At'em prepares  attack  on Erichthonios 1200
05:03.396,Lemme At'em attack Erichthonios 1200
05:03.797,Lemme At'em prepares  Atonement  on Erichthonios 7504
05:04.199,"Lemme At'em Blade of Valor Erichthonios Tick  1523 (T: 1417, C: 24.2%, D: 19.2%, P/R: 18.36, G: 1468.46, M: 1, S: 1697)"
05:05.088,Lemme At'em Atonement Erichthonios 7504
05:05.133,Lemme At'em prepares  attack  on Erichthonios 1128
05:05.667,Lemme At'em attack Erichthonios 1128
05:06.200,Lemme At'em prepares  Atonement  on Erichthonios 8657 (Direct Hit)
05:07.179,"Lemme At'em Blade of Valor Erichthonios Tick  1703 (T: 1417, C: 24.2%, D: 19.2%, P/R: 18.36, G: 1468.46, M: 1, S: 1697)"
05:07.400,Lemme At'em prepares  attack  on Erichthonios 1134
05:07.489,Lemme At'em Atonement Erichthonios 8657 (Direct Hit)
05:07.933,Lemme At'em attack Erichthonios 1134
05:08.646,Lemme At'em prepares  Fast Blade  on Erichthonios 3505
05:09.271,Lemme At'em Fast Blade Erichthonios 3505
05:09.671,Lemme At'em prepares  attack  on Erichthonios 1231
05:10.203,Lemme At'em attack Erichthonios 1231
05:10.203,"Lemme At'em Blade of Valor Erichthonios Tick  1523 (T: 1417, C: 24.2%, D: 19.2%, P/R: 18.36, G: 1468.46, M: 1, S: 1697)"
05:11.049,Lemme At'em prepares  Riot Blade  on Erichthonios 6376 (+43%)+25% damage
05:11.672,Lemme At'em prepares  Circle of Scorn  on Erichthonios *4368* (Direct Hit)+25% damage
05:11.806,Lemme At'em Riot Blade Erichthonios 6376 (+43%)
05:11.940,Lemme At'em prepares  attack  on Erichthonios 1933 (Direct Hit)+25% damage
05:12.296,Lemme At'em prepares  Intervene  on Erichthonios 3155+25% damage
05:12.473,Lemme At'em attack Erichthonios 1933 (Direct Hit)
05:12.695,Lemme At'em Circle of Scorn Erichthonios *4368* (Direct Hit)
05:12.874,Lemme At'em Intervene Erichthonios 3155
05:13.184,"Lemme At'em Blade of Valor Erichthonios Tick  1797 (T: 1417, C: 24.2%, D: 19.2%, P/R: 18.36, G: 1468.46, M: 1, S: 1697)"
05:13.184,"Lemme At'em Circle of Scorn Erichthonios Tick  838 (T: 661, C: 24.2%, D: 19.2%, P/R: 18.36, G: 688.34, M: 1.25, S: 791)+25% damage"
05:13.496,Lemme At'em prepares  Goring Blade  on Erichthonios 6926 (Direct Hit) (+60%)+25% damage
05:14.029,Lemme At'em Goring Blade Erichthonios 6926 (Direct Hit) (+60%)
05:14.074,Lemme At'em prepares  Expiacion  on Erichthonios *11627*+25% damage
05:14.208,Lemme At'em prepares  attack  on Erichthonios *2882* (Direct Hit)+25% damage
05:14.431,Lemme At'em Expiacion Erichthonios *11627*
05:14.743,Lemme At'em attack Erichthonios *2882* (Direct Hit)
05:14.743,Lemme At'em prepares  Intervene  on Erichthonios 3097+25% damage
05:15.320,Lemme At'em Intervene Erichthonios 3097
05:15.898,Lemme At'em prepares  Fast Blade  on Erichthonios *6668*+25% damage
05:16.210,"Lemme At'em Circle of Scorn Erichthonios Tick  776 (T: 661, C: 24.2%, D: 19.2%, P/R: 18.36, G: 688.34, M: 1.25, S: 791)+25% damage"
05:16.210,"Lemme At'em Goring Blade Erichthonios Tick  1686 (T: 1438, C: 24.2%, D: 19.2%, P/R: 18.36, G: 1491.41, M: 1.25, S: 1722)+25% damage"
05:16.476,Lemme At'em prepares  attack  on Erichthonios 1837 (Direct Hit)+25% damage
05:16.521,Lemme At'em Fast Blade Erichthonios *6668*
05:17.009,Lemme At'em attack Erichthonios 1837 (Direct Hit)
05:18.345,Lemme At'em prepares  Riot Blade  on Erichthonios 6137 (+43%)+25% damage
05:18.746,Lemme At'em prepares  attack  on Erichthonios 1546+25% damage
05:19.100,Lemme At'em Riot Blade Erichthonios 6137 (+43%)
05:19.189,"Lemme At'em Circle of Scorn Erichthonios Tick  787 (T: 661, C: 24.2%, D: 19.2%, P/R: 18.36, G: 688.34, M: 1.25, S: 791)+25% damage"
05:19.189,"Lemme At'em Goring Blade Erichthonios Tick  1712 (T: 1438, C: 24.2%, D: 19.2%, P/R: 18.36, G: 1491.41, M: 1.25, S: 1722)+25% damage"
05:19.278,Lemme At'em attack Erichthonios 1546
05:20.126,Lemme At'em prepares  Requiescat  on Erichthonios *10426*
05:20.751,Lemme At'em Requiescat Erichthonios *10426*
05:20.751,Lemme At'em prepares  Royal Authority  on Erichthonios *18422* (Direct Hit) (+69%)+25% damage
05:21.018,Lemme At'em prepares  attack  on Erichthonios 1527+25% damage
05:21.328,Lemme At'em Royal Authority Erichthonios *18422* (Direct Hit) (+69%)
05:21.552,Lemme At'em attack Erichthonios 1527
05:22.176,"Lemme At'em Circle of Scorn Erichthonios Tick  697 (T: 661, C: 24.2%, D: 19.2%, P/R: 18.36, G: 688.34, M: 1.25, S: 791)+25% damage"
05:22.176,"Lemme At'em Goring Blade Erichthonios Tick  1515 (T: 1438, C: 24.2%, D: 19.2%, P/R: 18.36, G: 1491.41, M: 1.25, S: 1722)+25% damage"
05:23.198,Lemme At'em prepares  Atonement  on Erichthonios *18460* (Direct Hit)+25% damage
05:23.287,Lemme At'em prepares  attack  on Erichthonios 1930 (Direct Hit)+25% damage
05:23.820,Lemme At'em attack Erichthonios 1930 (Direct Hit)
05:24.487,Lemme At'em Atonement Erichthonios *18460* (Direct Hit)
05:25.201,"Lemme At'em Circle of Scorn Erichthonios Tick  734 (T: 661, C: 24.2%, D: 19.2%, P/R: 18.36, G: 688.34, M: 1.25, S: 791)+25% damage"
05:25.201,"Lemme At'em Goring Blade Erichthonios Tick  1596 (T: 1438, C: 24.2%, D: 19.2%, P/R: 18.36, G: 1491.41, M: 1.25, S: 1722)+25% damage"
05:25.557,Lemme At'em prepares  attack  on Erichthonios 1445+25% damage
05:25.602,Lemme At'em prepares  Atonement  on Erichthonios 8711+25% damage
05:26.092,Lemme At'em attack Erichthonios 1445
05:26.892,Lemme At'em Atonement Erichthonios 8711
05:27.826,Lemme At'em prepares  attack  on Erichthonios 1430+25% damage
05:28.048,Lemme At'em prepares  Atonement  on Erichthonios 9406+25% damage
05:28.182,"Lemme At'em Goring Blade Erichthonios Tick  1818 (T: 1438, C: 24.2%, D: 19.2%, P/R: 18.36, G: 1491.41, M: 1.25, S: 1722)+25% damage"
05:28.359,Lemme At'em attack Erichthonios 1430
05:29.339,Lemme At'em Atonement Erichthonios 9406
05:30.095,Lemme At'em prepares  attack  on Erichthonios 1417+25% damage
05:30.452,Lemme At'em prepares  Fast Blade  on Erichthonios 4206+25% damage
05:30.629,Lemme At'em attack Erichthonios 1417
05:31.074,Lemme At'em Fast Blade Erichthonios 4206
05:31.209,"Lemme At'em Goring Blade Erichthonios Tick  2108 (T: 1438, C: 24.2%, D: 19.2%, P/R: 18.36, G: 1491.41, M: 1.25, S: 1722)+25% damage"
05:32.366,Lemme At'em prepares  attack  on Erichthonios *2316*+25% damage
05:32.857,Lemme At'em prepares  Riot Blade  on Erichthonios 6198 (+43%)+25% damage
05:32.901,Lemme At'em attack Erichthonios *2316*
05:33.612,Lemme At'em Riot Blade Erichthonios 6198 (+43%)
05:34.190,"Lemme At'em Goring Blade Erichthonios Tick  1903 (T: 1438, C: 24.2%, D: 19.2%, P/R: 18.36, G: 1491.41, M: 1.25, S: 1722)+25% damage"
05:34.636,Lemme At'em prepares  attack  on Erichthonios 1778 (Direct Hit)+25% damage
05:35.171,Lemme At'em attack Erichthonios 1778 (Direct Hit)
05:35.350,Lemme At'em prepares  Goring Blade  on Erichthonios *8795* (+60%)+25% damage
05:35.884,Lemme At'em Goring Blade Erichthonios *8795* (+60%)
05:36.909,Lemme At'em prepares  attack  on Erichthonios 1550 (Direct Hit)
05:37.220,"Lemme At'em Goring Blade Erichthonios Tick  1720 (T: 1438, C: 24.2%, D: 19.2%, P/R: 18.36, G: 1491.41, M: 1.25, S: 1722)+25% damage"
05:37.442,Lemme At'em attack Erichthonios 1550 (Direct Hit)
05:37.754,Lemme At'em prepares  Holy Spirit  on Erichthonios 11337 (Direct Hit)
05:38.512,Lemme At'em Holy Spirit Erichthonios 11337 (Direct Hit)
05:39.179,Lemme At'em prepares  attack  on Erichthonios 1467 (Direct Hit)
05:39.712,Lemme At'em attack Erichthonios 1467 (Direct Hit)
05:40.201,"Lemme At'em Goring Blade Erichthonios Tick  1484 (T: 1438, C: 24.2%, D: 19.2%, P/R: 18.36, G: 1491.41, M: 1.25, S: 1722)+25% damage"
05:40.246,Lemme At'em prepares  Holy Spirit  on Erichthonios 9229
05:41.001,Lemme At'em Holy Spirit Erichthonios 9229
05:41.446,Lemme At'em prepares  attack  on Erichthonios *1948*
05:41.669,Lemme At'em prepares  Circle of Scorn  on Erichthonios *2710*
05:41.979,Lemme At'em attack Erichthonios *1948*
05:42.693,Lemme At'em Circle of Scorn Erichthonios *2710*
05:42.737,Lemme At'em prepares  Holy Spirit  on Erichthonios *17570* (Direct Hit)
05:43.183,"Lemme At'em Goring Blade Erichthonios Tick  1671 (T: 1438, C: 24.2%, D: 19.2%, P/R: 18.36, G: 1491.41, M: 1.25, S: 1722)+25% damage"
05:43.183,"Lemme At'em Circle of Scorn Erichthonios Tick  614 (T: 529, C: 24.2%, D: 19.2%, P/R: 18.36, G: 550.67, M: 1, S: 633)"
05:43.495,Lemme At'em Holy Spirit Erichthonios *17570* (Direct Hit)
05:43.718,Lemme At'em prepares  attack  on Erichthonios 1188
05:44.074,Lemme At'em prepares  Expiacion  on Erichthonios 6046
05:44.251,Lemme At'em attack Erichthonios 1188
05:44.430,Lemme At'em Expiacion Erichthonios 6046
05:45.275,Lemme At'em prepares  Holy Spirit  on Erichthonios *14899*
05:45.988,Lemme At'em prepares  attack  on Erichthonios 1207
05:46.032,Lemme At'em Holy Spirit Erichthonios *14899*
05:46.211,"Lemme At'em Goring Blade Erichthonios Tick  1804 (T: 1438, C: 24.2%, D: 19.2%, P/R: 18.36, G: 1491.41, M: 1.25, S: 1722)+25% damage"
05:46.211,"Lemme At'em Circle of Scorn Erichthonios Tick  664 (T: 529, C: 24.2%, D: 19.2%, P/R: 18.36, G: 550.67, M: 1, S: 633)"
05:46.523,Lemme At'em attack Erichthonios 1207
05:47.770,Lemme At'em prepares  Confiteor  on Erichthonios *24633*
05:48.261,Lemme At'em prepares  attack  on Erichthonios 1509 (Direct Hit)
05:48.395,Lemme At'em Confiteor Erichthonios *24633*
05:48.794,Lemme At'em attack Erichthonios 1509 (Direct Hit)
05:49.196,"Lemme At'em Goring Blade Erichthonios Tick  1486 (T: 1438, C: 24.2%, D: 19.2%, P/R: 18.36, G: 1491.41, M: 1.25, S: 1722)+25% damage"
05:49.196,"Lemme At'em Circle of Scorn Erichthonios Tick  547 (T: 529, C: 24.2%, D: 19.2%, P/R: 18.36, G: 550.67, M: 1, S: 633)"
05:50.264,Lemme At'em prepares  Blade of Faith  on Erichthonios 7320
05:50.530,Lemme At'em prepares  attack  on Erichthonios *2469* (Direct Hit)
05:50.931,Lemme At'em Blade of Faith Erichthonios 7320
05:51.065,Lemme At'em attack Erichthonios *2469* (Direct Hit)
05:52.176,"Lemme At'em Goring Blade Erichthonios Tick  1550 (T: 1438, C: 24.2%, D: 19.2%, P/R: 18.36, G: 1491.41, M: 1.25, S: 1722)+25% damage"
05:52.176,"Lemme At'em Circle of Scorn Erichthonios Tick  570 (T: 529, C: 24.2%, D: 19.2%, P/R: 18.36, G: 550.67, M: 1, S: 633)"
05:52.755,Lemme At'em prepares  Blade of Truth  on Erichthonios 9011
05:52.800,Lemme At'em prepares  attack  on Erichthonios 1149
05:53.334,Lemme At'em attack Erichthonios 1149
05:53.687,Lemme At'em Blade of Truth Erichthonios 9011
05:55.067,Lemme At'em prepares  attack  on Erichthonios 1234
05:55.200,"Lemme At'em Goring Blade Erichthonios Tick  1424 (T: 1438, C: 24.2%, D: 19.2%, P/R: 18.36, G: 1491.41, M: 1.25, S: 1722)+25% damage"
05:55.200,"Lemme At'em Circle of Scorn Erichthonios Tick  524 (T: 529, C: 24.2%, D: 19.2%, P/R: 18.36, G: 550.67, M: 1, S: 633)"
05:55.245,Lemme At'em prepares  Blade of Valor  on Erichthonios *16578*
05:55.598,Lemme At'em attack Erichthonios 1234
05:56.174,Lemme At'em Blade of Valor Erichthonios *16578*
05:57.331,Lemme At'em prepares  attack  on Erichthonios *1804*
05:57.775,Lemme At'em prepares  Fast Blade  on Erichthonios 3596
05:57.864,Lemme At'em attack Erichthonios *1804*
05:58.177,"Lemme At'em Blade of Valor Erichthonios Tick  1453 (T: 1417, C: 24.2%, D: 19.2%, P/R: 18.36, G: 1468.46, M: 1, S: 1697)"
05:58.400,Lemme At'em Fast Blade Erichthonios 3596
05:59.601,Lemme At'em prepares  attack  on Erichthonios 1128
06:00.135,Lemme At'em attack Erichthonios 1128
06:00.223,Lemme At'em prepares  Riot Blade  on Erichthonios 4995 (+43%)
06:00.979,Lemme At'em Riot Blade Erichthonios 4995 (+43%)
06:01.203,"Lemme At'em Blade of Valor Erichthonios Tick  1413 (T: 1417, C: 24.2%, D: 19.2%, P/R: 18.36, G: 1468.46, M: 1, S: 1697)"
06:01.871,Lemme At'em prepares  attack  on Erichthonios 1169
06:02.405,Lemme At'em attack Erichthonios 1169
06:02.629,Lemme At'em prepares  Royal Authority  on Erichthonios 7299 (+69%)
06:03.207,Lemme At'em Royal Authority Erichthonios 7299 (+69%)
06:04.140,Lemme At'em prepares  attack  on Erichthonios 1206
06:04.185,"Lemme At'em Blade of Valor Erichthonios Tick  1677 (T: 1417, C: 24.2%, D: 19.2%, P/R: 18.36, G: 1468.46, M: 1, S: 1697)"
06:04.674,Lemme At'em attack Erichthonios 1206
06:05.030,Lemme At'em prepares  Atonement  on Erichthonios *11538*
06:06.319,Lemme At'em Atonement Erichthonios *11538*
06:06.409,Lemme At'em prepares  attack  on Erichthonios 1223
06:06.943,Lemme At'em attack Erichthonios 1223
06:07.210,"Lemme At'em Blade of Valor Erichthonios Tick  1815 (T: 1417, C: 24.2%, D: 19.2%, P/R: 18.36, G: 1468.46, M: 1, S: 1697)"
06:07.478,Lemme At'em prepares  Atonement  on Erichthonios 7175
06:08.678,Lemme At'em prepares  attack  on Erichthonios 1160
06:08.767,Lemme At'em Atonement Erichthonios 7175
06:09.212,Lemme At'em attack Erichthonios 1160
06:09.924,Lemme At'em prepares  Fast Blade  on Erichthonios 3531
06:10.191,"Lemme At'em Blade of Valor Erichthonios Tick  1934 (T: 1417, C: 24.2%, D: 19.2%, P/R: 18.36, G: 1468.46, M: 1, S: 1697)"
06:10.546,Lemme At'em Fast Blade Erichthonios 3531
06:10.948,Lemme At'em prepares  attack  on Erichthonios 1234
06:11.483,Lemme At'em attack Erichthonios 1234
06:12.640,Lemme At'em prepares  Riot Blade  on Erichthonios 7215 (+43%)+39% damage
06:13.219,"Lemme At'em Blade of Valor Erichthonios Tick  1426 (T: 1417, C: 24.2%, D: 19.2%, P/R: 18.36, G: 1468.46, M: 1, S: 1697)"
06:13.219,Lemme At'em prepares  attack  on Erichthonios 1707+39% damage
06:13.397,Lemme At'em Riot Blade Erichthonios 7215 (+43%)
06:13.753,Lemme At'em attack Erichthonios 1707
06:15.087,Lemme At'em prepares  Goring Blade  on Erichthonios 6158 (+60%)+46% damage
06:15.487,Lemme At'em prepares  attack  on Erichthonios *3690* (Direct Hit)+46% damage
06:15.621,Lemme At'em Goring Blade Erichthonios 6158 (+60%)
06:16.023,Lemme At'em attack Erichthonios *3690* (Direct Hit)
06:16.201,"Lemme At'em Goring Blade Erichthonios Tick  1916 (T: 1722, C: 24.2%, D: 19.2%, P/R: 18.36, G: 1741.96, M: 1.46, S: 2063)+46% damage"
06:17.492,Lemme At'em prepares  Fast Blade  on Erichthonios 5120+46% damage
06:17.759,Lemme At'em prepares  attack  on Erichthonios 1698+46% damage
06:18.070,Lemme At'em prepares  Circle of Scorn  on Erichthonios *4205*+46% damage
06:18.115,Lemme At'em Fast Blade Erichthonios 5120
06:18.292,Lemme At'em attack Erichthonios 1698
06:18.783,Lemme At'em prepares  Intervene  on Erichthonios *7426* (Direct Hit)+46% damage
06:19.093,Lemme At'em Circle of Scorn Erichthonios *4205*
06:19.182,"Lemme At'em Goring Blade Erichthonios Tick  2093 (T: 1722, C: 24.2%, D: 19.2%, P/R: 18.36, G: 1741.96, M: 1.46, S: 2063)+46% damage"
06:19.182,"Lemme At'em Circle of Scorn Erichthonios Tick  964 (T: 793, C: 24.2%, D: 19.2%, P/R: 18.36, G: 803.98, M: 1.46, S: 950)+46% damage"
06:19.360,Lemme At'em Intervene Erichthonios *7426* (Direct Hit)
06:19.893,Lemme At'em prepares  Riot Blade  on Erichthonios 9625 (Direct Hit) (+43%)+46% damage
06:20.027,Lemme At'em prepares  attack  on Erichthonios 1708+46% damage
06:20.470,Lemme At'em prepares  Requiescat  on Erichthonios *16437* (Direct Hit)+17% damage
06:20.559,Lemme At'em attack Erichthonios 1708
06:20.648,Lemme At'em Riot Blade Erichthonios 9625 (Direct Hit) (+43%)
06:21.138,Lemme At'em Requiescat Erichthonios *16437* (Direct Hit)
06:21.138,Lemme At'em prepares  Intervene  on Erichthonios *8028* (Direct Hit)+46% damage
06:21.715,Lemme At'em Intervene Erichthonios *8028* (Direct Hit)
06:22.205,"Lemme At'em Goring Blade Erichthonios Tick  2127 (T: 1722, C: 24.2%, D: 19.2%, P/R: 18.36, G: 1741.96, M: 1.46, S: 2063)+46% damage"
06:22.205,"Lemme At'em Circle of Scorn Erichthonios Tick  979 (T: 793, C: 24.2%, D: 19.2%, P/R: 18.36, G: 803.98, M: 1.46, S: 950)+46% damage"
06:22.294,Lemme At'em prepares  attack  on Erichthonios 1752+46% damage
06:22.339,Lemme At'em prepares  Royal Authority  on Erichthonios 10443 (+69%)+46% damage
06:22.828,Lemme At'em attack Erichthonios 1752
06:22.918,Lemme At'em Royal Authority Erichthonios 10443 (+69%)
06:23.185,Lemme At'em prepares  Expiacion  on Erichthonios 8866+46% damage
06:23.593,Lemme At'em Expiacion Erichthonios 8866
06:24.563,Lemme At'em prepares  attack  on Erichthonios 1835+46% damage
06:24.786,Lemme At'em prepares  Atonement  on Erichthonios 13118 (Direct Hit)+46% damage
06:25.099,Lemme At'em attack Erichthonios 1835
06:25.189,"Lemme At'em Goring Blade Erichthonios Tick  1858 (T: 1722, C: 24.2%, D: 19.2%, P/R: 18.36, G: 1741.96, M: 1.46, S: 2063)+46% damage"
06:25.189,"Lemme At'em Circle of Scorn Erichthonios Tick  856 (T: 793, C: 24.2%, D: 19.2%, P/R: 18.36, G: 803.98, M: 1.46, S: 950)+46% damage"
06:26.078,Lemme At'em Atonement Erichthonios 13118 (Direct Hit)
06:26.832,Lemme At'em prepares  attack  on Erichthonios 2103 (Direct Hit)+38% damage
06:27.188,Lemme At'em prepares  Atonement  on Erichthonios 13121 (Direct Hit)+38% damage
06:27.366,Lemme At'em attack Erichthonios 2103 (Direct Hit)
06:28.214,"Lemme At'em Goring Blade Erichthonios Tick  2319 (T: 1722, C: 24.2%, D: 19.2%, P/R: 18.36, G: 1741.96, M: 1.46, S: 2063)+46% damage"
06:28.214,"Lemme At'em Circle of Scorn Erichthonios Tick  1068 (T: 793, C: 24.2%, D: 19.2%, P/R: 18.36, G: 803.98, M: 1.46, S: 950)+46% damage"
06:28.481,Lemme At'em Atonement Erichthonios 13121 (Direct Hit)
06:29.105,Lemme At'em prepares  attack  on Erichthonios *2655*+31% damage
06:29.599,Lemme At'em prepares  Atonement  on Erichthonios *14803*+31% damage
06:29.643,Lemme At'em attack Erichthonios *2655*
06:30.890,Lemme At'em Atonement Erichthonios *14803*
06:31.202,"Lemme At'em Goring Blade Erichthonios Tick  2175 (T: 1722, C: 24.2%, D: 19.2%, P/R: 18.36, G: 1741.96, M: 1.46, S: 2063)+46% damage"
06:31.202,"Lemme At'em Circle of Scorn Erichthonios Tick  1001 (T: 793, C: 24.2%, D: 19.2%, P/R: 18.36, G: 803.98, M: 1.46, S: 950)+46% damage"
06:31.379,Lemme At'em prepares  attack  on Erichthonios 1517+31% damage
06:31.913,Lemme At'em attack Erichthonios 1517
06:32.002,Lemme At'em prepares  Fast Blade  on Erichthonios *8763* (Direct Hit)+31% damage
06:32.624,Lemme At'em Fast Blade Erichthonios *8763* (Direct Hit)
06:33.649,Lemme At'em prepares  attack  on Erichthonios 1917 (Direct Hit)+31% damage
06:34.186,Lemme At'em attack Erichthonios 1917 (Direct Hit)
06:34.186,"Lemme At'em Goring Blade Erichthonios Tick  1924 (T: 1722, C: 24.2%, D: 19.2%, P/R: 18.36, G: 1741.96, M: 1.46, S: 2063)+46% damage"
06:34.409,Lemme At'em prepares  Riot Blade  on Erichthonios 9077 (Direct Hit) (+43%)+31% damage
06:35.168,Lemme At'em Riot Blade Erichthonios 9077 (Direct Hit) (+43%)
06:35.929,Lemme At'em prepares  attack  on Erichthonios 1606+31% damage
06:36.462,Lemme At'em attack Erichthonios 1606
06:36.865,Lemme At'em prepares  Goring Blade  on Erichthonios 5836 (+60%)+31% damage
06:37.398,Lemme At'em Goring Blade Erichthonios 5836 (+60%)
06:38.203,Lemme At'em prepares  attack  on Erichthonios 1245+5% damage
06:38.739,Lemme At'em attack Erichthonios 1245
06:39.273,Lemme At'em prepares  Holy Spirit  on Erichthonios 10309+5% damage
06:40.032,Lemme At'em Holy Spirit Erichthonios 10309
06:40.210,"Lemme At'em Goring Blade Erichthonios Tick  1682 (T: 1548, C: 24.2%, D: 19.2%, P/R: 18.36, G: 1563.00, M: 1.31, S: 1854)+31% damage"
06:40.480,Lemme At'em prepares  attack  on Erichthonios *2502* (Direct Hit)+5% damage
06:41.014,Lemme At'em attack Erichthonios *2502* (Direct Hit)
06:41.775,Lemme At'em prepares  Holy Spirit  on Erichthonios 9872+5% damage
06:42.535,Lemme At'em Holy Spirit Erichthonios 9872
06:42.758,Lemme At'em prepares  attack  on Erichthonios 1252+5% damage
06:43.204,"Lemme At'em Goring Blade Erichthonios Tick  1910 (T: 1548, C: 24.2%, D: 19.2%, P/R: 18.36, G: 1563.00, M: 1.31, S: 1854)+31% damage"
06:43.293,Lemme At'em attack Erichthonios 1252
06:44.275,Lemme At'em prepares  Holy Spirit  on Erichthonios *15720*+5% damage
06:45.031,Lemme At'em Holy Spirit Erichthonios *15720*
06:45.031,Lemme At'em prepares  attack  on Erichthonios 1185
06:45.565,Lemme At'em attack Erichthonios 1185
06:46.191,"Lemme At'em Goring Blade Erichthonios Tick  1840 (T: 1548, C: 24.2%, D: 19.2%, P/R: 18.36, G: 1563.00, M: 1.31, S: 1854)+31% damage"
06:46.771,Lemme At'em prepares  Holy Spirit  on Erichthonios *18663* (Direct Hit)
06:47.305,Lemme At'em prepares  attack  on Erichthonios 1229
06:47.528,Lemme At'em Holy Spirit Erichthonios *18663* (Direct Hit)
06:47.840,Lemme At'em attack Erichthonios 1229
06:48.063,Lemme At'em prepares  Circle of Scorn  on Erichthonios 2171 (Direct Hit)
06:49.091,Lemme At'em Circle of Scorn Erichthonios 2171 (Direct Hit)
06:49.180,"Lemme At'em Goring Blade Erichthonios Tick  1871 (T: 1548, C: 24.2%, D: 19.2%, P/R: 18.36, G: 1563.00, M: 1.31, S: 1854)+31% damage"
06:49.180,"Lemme At'em Circle of Scorn Erichthonios Tick  639 (T: 529, C: 24.2%, D: 19.2%, P/R: 18.36, G: 550.67, M: 1, S: 633)"
06:49.315,Lemme At'em prepares  Confiteor  on Erichthonios *25401*
06:49.581,Lemme At'em prepares  attack  on Erichthonios 1126
06:49.939,Lemme At'em Confiteor Erichthonios *25401*
06:50.117,Lemme At'em attack Erichthonios 1126
06:51.811,Lemme At'em prepares  Blade of Faith  on Erichthonios *11019*
06:51.856,Lemme At'em prepares  attack  on Erichthonios 1238
06:52.214,"Lemme At'em Goring Blade Erichthonios Tick  1794 (T: 1548, C: 24.2%, D: 19.2%, P/R: 18.36, G: 1563.00, M: 1.31, S: 1854)+31% damage"
06:52.214,"Lemme At'em Circle of Scorn Erichthonios Tick  613 (T: 529, C: 24.2%, D: 19.2%, P/R: 18.36, G: 550.67, M: 1, S: 633)"
06:52.391,Lemme At'em attack Erichthonios 1238
06:52.436,Lemme At'em Blade of Faith Erichthonios *11019*
06:53.194,Lemme At'em prepares  Expiacion  on Erichthonios *9465*
06:53.551,Lemme At'em Expiacion Erichthonios *9465*
06:54.130,Lemme At'em prepares  attack  on Erichthonios 1176
06:54.308,Lemme At'em prepares  Blade of Truth  on Erichthonios *14097*
06:54.667,Lemme At'em attack Erichthonios 1176
06:55.204,Lemme At'em Blade of Truth Erichthonios *14097*
06:55.204,"Lemme At'em Goring Blade Erichthonios Tick  2291 (T: 1548, C: 24.2%, D: 19.2%, P/R: 18.36, G: 1563.00, M: 1.31, S: 1854)+31% damage"
06:55.204,"Lemme At'em Circle of Scorn Erichthonios Tick  783 (T: 529, C: 24.2%, D: 19.2%, P/R: 18.36, G: 550.67, M: 1, S: 633)"
06:56.405,Lemme At'em prepares  attack  on Erichthonios *1847*
06:56.808,Lemme At'em prepares  Blade of Valor  on Erichthonios 10402
06:56.942,Lemme At'em attack Erichthonios *1847*
06:57.700,Lemme At'em Blade of Valor Erichthonios 10402
06:58.192,"Lemme At'em Circle of Scorn Erichthonios Tick  533 (T: 529, C: 24.2%, D: 19.2%, P/R: 18.36, G: 550.67, M: 1, S: 633)"
06:58.192,"Lemme At'em Blade of Valor Erichthonios Tick  1428 (T: 1417, C: 24.2%, D: 19.2%, P/R: 18.36, G: 1468.46, M: 1, S: 1697)"
06:58.681,Lemme At'em prepares  attack  on Erichthonios 1195
06:59.216,Lemme At'em attack Erichthonios 1195
06:59.307,Lemme At'em prepares  Fast Blade  on Erichthonios 3428
06:59.929,Lemme At'em Fast Blade Erichthonios 3428
07:00.952,Lemme At'em prepares  attack  on Erichthonios *1797*
07:01.176,"Lemme At'em Circle of Scorn Erichthonios Tick  642 (T: 529, C: 24.2%, D: 19.2%, P/R: 18.36, G: 550.67, M: 1, S: 633)"
07:01.176,"Lemme At'em Blade of Valor Erichthonios Tick  1719 (T: 1417, C: 24.2%, D: 19.2%, P/R: 18.36, G: 1468.46, M: 1, S: 1697)"
07:01.488,Lemme At'em attack Erichthonios *1797*
07:01.712,Lemme At'em prepares  Riot Blade  on Erichthonios 6456 (Direct Hit) (+43%)
07:02.467,Lemme At'em Riot Blade Erichthonios 6456 (Direct Hit) (+43%)
07:03.225,Lemme At'em prepares  attack  on Erichthonios 1203
07:03.761,Lemme At'em attack Erichthonios 1203
07:04.161,Lemme At'em prepares  Royal Authority  on Erichthonios 7222 (+69%)
07:04.204,"Lemme At'em Blade of Valor Erichthonios Tick  1756 (T: 1417, C: 24.2%, D: 19.2%, P/R: 18.36, G: 1468.46, M: 1, S: 1697)"
07:04.739,Lemme At'em Royal Authority Erichthonios 7222 (+69%)
07:05.497,Lemme At'em prepares  attack  on Erichthonios 1225
07:06.031,Lemme At'em attack Erichthonios 1225
07:06.611,Lemme At'em prepares  Atonement  on Erichthonios 7227
07:07.190,"Lemme At'em Blade of Valor Erichthonios Tick  1800 (T: 1417, C: 24.2%, D: 19.2%, P/R: 18.36, G: 1468.46, M: 1, S: 1697)"
07:07.770,Lemme At'em prepares  attack  on Erichthonios 1140
07:07.903,Lemme At'em Atonement Erichthonios 7227
07:08.303,Lemme At'em attack Erichthonios 1140
07:09.014,Lemme At'em prepares  Atonement  on Erichthonios *11770*
07:10.213,"Lemme At'em Blade of Valor Erichthonios Tick  2147 (T: 1417, C: 24.2%, D: 19.2%, P/R: 18.36, G: 1468.46, M: 1, S: 1697)"
07:10.302,Lemme At'em Atonement Erichthonios *11770*
07:11.060,Lemme At'em prepares  attack  on Erichthonios 1196
07:11.416,Lemme At'em prepares  Atonement  on Erichthonios 7106
07:11.593,Lemme At'em attack Erichthonios 1196
07:12.708,Lemme At'em Atonement Erichthonios 7106
07:13.199,"Lemme At'em Blade of Valor Erichthonios Tick  1403 (T: 1417, C: 24.2%, D: 19.2%, P/R: 18.36, G: 1468.46, M: 1, S: 1697)"
07:13.332,Lemme At'em prepares  attack  on Erichthonios 1458+25% damage
07:13.822,Lemme At'em prepares  Fast Blade  on Erichthonios 4151+25% damage
07:13.866,Lemme At'em attack Erichthonios 1458
07:14.444,Lemme At'em Fast Blade Erichthonios 4151
07:14.488,Lemme At'em prepares  Intervene  on Erichthonios *5021*+25% damage
07:15.067,Lemme At'em Intervene Erichthonios *5021*
07:15.602,Lemme At'em prepares  attack  on Erichthonios 1497+25% damage
07:16.135,Lemme At'em attack Erichthonios 1497
07:16.180,"Lemme At'em Blade of Valor Erichthonios Tick  1615 (T: 1417, C: 24.2%, D: 19.2%, P/R: 18.36, G: 1468.46, M: 1, S: 1697)"
07:16.268,Lemme At'em prepares  Riot Blade  on Erichthonios 6431 (+43%)+25% damage
07:17.024,Lemme At'em Riot Blade Erichthonios 6431 (+43%)
07:17.869,Lemme At'em prepares  attack  on Erichthonios *2458*+25% damage
07:18.091,Lemme At'em prepares  Circle of Scorn  on Erichthonios *3341*+25% damage
07:18.402,Lemme At'em attack Erichthonios *2458*
07:19.025,Lemme At'em prepares  Royal Authority  on Erichthonios *14671* (+69%)+25% damage
07:19.114,Lemme At'em Circle of Scorn Erichthonios *3341*
07:19.203,"Lemme At'em Circle of Scorn Erichthonios Tick  814 (T: 661, C: 24.2%, D: 19.2%, P/R: 18.36, G: 688.34, M: 1.25, S: 791)+25% damage"
07:19.601,Lemme At'em Royal Authority Erichthonios *14671* (+69%)
07:20.136,Lemme At'em prepares  attack  on Erichthonios 1485+25% damage
07:20.493,Lemme At'em prepares  Requiescat  on Erichthonios *10434*
07:20.671,Lemme At'em attack Erichthonios 1485
07:21.117,Lemme At'em Requiescat Erichthonios *10434*
07:21.429,Lemme At'em prepares  Atonement  on Erichthonios 8985+25% damage
07:22.051,Lemme At'em prepares  Intervene  on Erichthonios 3216+25% damage
07:22.185,"Lemme At'em Circle of Scorn Erichthonios Tick  937 (T: 661, C: 24.2%, D: 19.2%, P/R: 18.36, G: 688.34, M: 1.25, S: 791)+25% damage"
07:22.409,Lemme At'em prepares  attack  on Erichthonios 1897 (Direct Hit)+25% damage
07:22.631,Lemme At'em Intervene Erichthonios 3216
07:22.720,Lemme At'em Atonement Erichthonios 8985
07:22.941,Lemme At'em attack Erichthonios 1897 (Direct Hit)
07:23.831,Lemme At'em prepares  Holy Spirit  on Erichthonios *18852* (Direct Hit)
07:24.453,Lemme At'em prepares  Expiacion  on Erichthonios 7323+25% damage
07:24.585,Lemme At'em Holy Spirit Erichthonios *18852* (Direct Hit)
07:24.674,Lemme At'em prepares  attack  on Erichthonios 1435+25% damage
07:24.852,Lemme At'em Expiacion Erichthonios 7323
07:25.208,Lemme At'em attack Erichthonios 1435
07:25.208,"Lemme At'em Circle of Scorn Erichthonios Tick  879 (T: 661, C: 24.2%, D: 19.2%, P/R: 18.36, G: 688.34, M: 1.25, S: 791)+25% damage"
07:26.365,Lemme At'em prepares  Confiteor  on Erichthonios 16117
07:26.943,Lemme At'em prepares  attack  on Erichthonios 1493+25% damage
07:26.987,Lemme At'em Confiteor Erichthonios 14964 (O: 1153)
